isbn,title,edition,author,url_pdf,url_epub
978-0-306-48048-5,Fundamentals of Power Electronics,2nd ed. 2001,"Robert W. Erickson, Dragan Maksimovic",https://link.springer.com/content/pdf/10.1007%2Fb100747.pdf,https://link.springer.com/download/epub/10.1007%2F978-0-306-48048-5.epub
978-0-306-48247-2,Handbook of the Life Course,2003,"Jeylan T. Mortimer, Michael J. Shanahan",https://link.springer.com/content/pdf/10.1007%2Fb100507.pdf,https://link.springer.com/download/epub/10.1007%2F978-0-306-48247-2.epub
978-0-387-21736-9,All of Statistics,2004,Larry Wasserman,https://link.springer.com/content/pdf/10.1007%2F978-0-387-21736-9.pdf,https://link.springer.com/download/epub/10.1007%2F978-0-387-21736-9.epub
978-0-387-21777-2,Discrete Mathematics,2003,"László Lovász, József Pelikán, Katalin Vesztergombi",https://link.springer.com/content/pdf/10.1007%2Fb97469.pdf,https://link.springer.com/download/epub/10.1007%2Fb97469.epub
978-0-387-22592-0,Social Anxiety and Social Phobia in Youth,2005,Christopher Kearney,https://link.springer.com/content/pdf/10.1007%2Fb99417.pdf,https://link.springer.com/download/epub/10.1007%2F978-0-387-22592-0.epub
978-0-387-24158-6,Intuitive Probability and Random Processes using MATLAB®,2006,Steven Kay,https://link.springer.com/content/pdf/10.1007%2Fb104645.pdf,https://link.springer.com/download/epub/10.1007%2F978-0-387-24158-6.epub
978-0-387-28117-9,Developmental Neurobiology,4th ed. 2005,"Mahendra S. Rao, Marcus Jacobson",https://link.springer.com/content/pdf/10.1007%2F0-387-28117-7.pdf,https://link.springer.com/download/epub/10.1007%2F978-0-387-28117-9.epub
978-0-387-32353-4,Handbook of Disaster Research,2006,"Havidan Rodriguez, Enrico L. Quarantelli, Russell Dynes",https://link.springer.com/content/pdf/10.1007%2F978-0-387-32353-4.pdf,https://link.springer.com/download/epub/10.1007%2F978-0-387-32353-4.epub
978-0-387-36218-2,Handbook of the Sociology of Gender,1999,Janet Saltzman Chafetz,https://link.springer.com/content/pdf/10.1007%2F0-387-36218-5.pdf,https://link.springer.com/download/epub/10.1007%2F978-0-387-36218-2.epub
978-0-387-36274-8,Handbook of Sociological Theory,2001,Jonathan H. Turner,https://link.springer.com/content/pdf/10.1007%2F0-387-36274-6.pdf,https://link.springer.com/download/epub/10.1007%2F978-0-387-36274-8.epub
978-0-387-36601-2,Clinical Neuroanatomy,2008,"John Mendoza, Anne Foundas",https://link.springer.com/content/pdf/10.1007%2F978-0-387-36601-2.pdf,https://link.springer.com/download/epub/10.1007%2F978-0-387-36601-2.epub
978-0-387-37575-5,Acquired Brain Injury,2007,"Jean Elbaum, Deborah Benson",https://link.springer.com/content/pdf/10.1007%2F978-0-387-37575-5.pdf,https://link.springer.com/download/epub/10.1007%2F978-0-387-37575-5.epub
978-0-387-40065-5,Numerical Optimization,2nd ed. 2006,"Jorge Nocedal, Stephen Wright",https://link.springer.com/content/pdf/10.1007%2F978-0-387-40065-5.pdf,https://link.springer.com/download/epub/10.1007%2F978-0-387-40065-5.epub
978-0-387-44899-2,Advanced Organic Chemistry,5th ed. 2007,"Francis A. Carey, Richard J. Sundberg",https://link.springer.com/content/pdf/10.1007%2F978-0-387-44899-2.pdf,https://link.springer.com/download/epub/10.1007%2F978-0-387-44899-2.epub
978-0-387-45524-2,Handbook of Biological Confocal Microscopy,3rd ed. 2006,James Pawley,https://link.springer.com/content/pdf/10.1007%2F978-0-387-45524-2.pdf,https://link.springer.com/download/epub/10.1007%2F978-0-387-45524-2.epub
978-0-387-46271-4,Ceramic Materials,2007,"C. Barry Carter, M. Grant Norton",https://link.springer.com/content/pdf/10.1007%2F978-0-387-46271-4.pdf,https://link.springer.com/download/epub/10.1007%2F978-0-387-46271-4.epub
978-0-387-46312-4,Principles of Fluorescence Spectroscopy,3rd ed. 2006,Joseph R. Lakowicz,https://link.springer.com/content/pdf/10.1007%2F978-0-387-46312-4.pdf,https://link.springer.com/download/epub/10.1007%2F978-0-387-46312-4.epub
978-0-387-49312-1,Fundamentals of Biomechanics,2nd ed. 2007,Duane Knudson,https://link.springer.com/content/pdf/10.1007%2F978-0-387-49312-1.pdf,https://link.springer.com/download/epub/10.1007%2F978-0-387-49312-1.epub
978-0-387-68566-3,Primer on the Rheumatic Diseases,13th ed. 2008,"John H. Klippel, John H. Stone, L eslie J. Crofford, Patience H. White",https://link.springer.com/content/pdf/10.1007%2F978-0-387-68566-3.pdf,https://link.springer.com/download/epub/10.1007%2F978-0-387-68566-3.epub
978-0-387-71481-3,Advanced Organic Chemistry,5th ed. 2007,"Francis A. Carey, Richard J. Sundberg",https://link.springer.com/content/pdf/10.1007%2F978-0-387-71481-3.pdf,https://link.springer.com/download/epub/10.1007%2F978-0-387-71481-3.epub
978-0-387-72071-5,International Handbook of Historical Archaeology,2009,"Teresita Majewski, David Gaimster",https://link.springer.com/content/pdf/10.1007%2F978-0-387-72071-5.pdf,https://link.springer.com/download/epub/10.1007%2F978-0-387-72071-5.epub
978-0-387-72579-6,Database Marketing,2008,"Robert C. Blattberg, Byung-Do Kim, Scott A. Neslin",https://link.springer.com/content/pdf/10.1007%2F978-0-387-72579-6.pdf,https://link.springer.com/download/epub/10.1007%2F978-0-387-72579-6.epub
978-0-387-74365-3,Composite Materials,3rd ed. 2012,Krishan K. Chawla,https://link.springer.com/content/pdf/10.1007%2F978-0-387-74365-3.pdf,https://link.springer.com/download/epub/10.1007%2F978-0-387-74365-3.epub
978-0-387-75959-3,Time Series Analysis,2nd ed. 2008,"Jonathan D. Cryer, Kung-Sik Chan",https://link.springer.com/content/pdf/10.1007%2F978-0-387-75959-3.pdf,https://link.springer.com/download/epub/10.1007%2F978-0-387-75959-3.epub
978-0-387-76501-3,Transmission Electron Microscopy,2nd ed. 2009,"David B. Williams, C. Barry Carter",https://link.springer.com/content/pdf/10.1007%2F978-0-387-76501-3.pdf,https://link.springer.com/download/epub/10.1007%2F978-0-387-76501-3.epub
978-0-387-77650-7,Handbook of Quantitative Criminology,1st ed. 2010,"Alex R. Piquero, David Weisburd",https://link.springer.com/content/pdf/10.1007%2F978-0-387-77650-7.pdf,https://link.springer.com/download/epub/10.1007%2F978-0-387-77650-7.epub
978-0-387-78341-3,Plant Physiological Ecology,2nd ed. 2008,"Hans Lambers, F Stuart Chapin III, Thijs L. Pons",https://link.springer.com/content/pdf/10.1007%2F978-0-387-78341-3.pdf,https://link.springer.com/download/epub/10.1007%2F978-0-387-78341-3.epub
978-0-387-79054-1,Introductory Statistics with R,2nd ed. 2008,Peter Dalgaard,https://link.springer.com/content/pdf/10.1007%2F978-0-387-79054-1.pdf,https://link.springer.com/download/epub/10.1007%2F978-0-387-79054-1.epub
978-0-387-84858-7,The Elements of Statistical Learning,2nd ed. 2009,"Trevor Hastie, Robert Tibshirani, Jerome Friedman",https://link.springer.com/content/pdf/10.1007%2F978-0-387-84858-7.pdf,https://link.springer.com/download/epub/10.1007%2F978-0-387-84858-7.epub
978-0-387-87573-6,"Psychology, Religion, and Spirituality",2009,James M. Nelson,https://link.springer.com/content/pdf/10.1007%2F978-0-387-87573-6.pdf,https://link.springer.com/download/epub/10.1007%2F978-0-387-87573-6.epub
978-0-387-88698-5,Introductory Time Series with R,2009,"Paul S.P. Cowpertwait, Andrew V. Metcalfe",https://link.springer.com/content/pdf/10.1007%2F978-0-387-88698-5.pdf,https://link.springer.com/download/epub/10.1007%2F978-0-387-88698-5.epub
978-0-387-88963-4,Child Neuropsychology,2nd ed. 2009,"Margaret Semrud-Clikeman, Phyllis Anne Teeter Ellison",https://link.springer.com/content/pdf/10.1007%2F978-0-387-88963-4.pdf,https://link.springer.com/download/epub/10.1007%2F978-0-387-88963-4.epub
978-0-387-93837-0,A Beginner's Guide to R,2009,"Alain Zuur, Elena N. Ieno, Erik Meesters",https://link.springer.com/content/pdf/10.1007%2F978-0-387-93837-0.pdf,https://link.springer.com/download/epub/10.1007%2F978-0-387-93837-0.epub
978-1-349-95348-6,"Of Cigarettes, High Heels, and Other Interesting Things",3rd ed. 2018,Marcel Danesi,https://link.springer.com/content/pdf/10.1057%2F978-1-349-95348-6.pdf,https://link.springer.com/download/epub/10.1057%2F978-1-349-95348-6.epub
978-1-4020-5719-9,Geomorphology of Desert Environments,2nd ed. 2009,"Anthony J. Parsons, A. D. Abrahams",https://link.springer.com/content/pdf/10.1007%2F978-1-4020-5719-9.pdf,https://link.springer.com/download/epub/10.1007%2F978-1-4020-5719-9.epub
978-1-4020-6099-1,The Joy of Science,2007,Richard A. Lockshin,https://link.springer.com/content/pdf/10.1007%2F978-1-4020-6099-1.pdf,https://link.springer.com/download/epub/10.1007%2F978-1-4020-6099-1.epub
978-1-4020-6808-9,Fatigue of Structures and Materials,2nd ed. 2009,J. Schijve,https://link.springer.com/content/pdf/10.1007%2F978-1-4020-6808-9.pdf,https://link.springer.com/download/epub/10.1007%2F978-1-4020-6808-9.epub
978-1-4419-0641-0,Clinical Assessment of Child and Adolescent Personality and Behavior,3rd ed. 2010,"Paul J. Frick, Christopher T. Barry, Randy W. Kamphaus",https://link.springer.com/content/pdf/10.1007%2F978-1-4419-0641-0.pdf,https://link.springer.com/download/epub/10.1007%2F978-1-4419-0641-0.epub
978-1-4419-0925-1,Bayesian and Frequentist Regression Methods,2013,Jon Wakefield,https://link.springer.com/content/pdf/10.1007%2F978-1-4419-0925-1.pdf,https://link.springer.com/download/epub/10.1007%2F978-1-4419-0925-1.epub
978-1-4419-1120-9,Additive Manufacturing Technologies,2010,"Ian Gibson, David W. Rosen, Brent Stucker",https://link.springer.com/content/pdf/10.1007%2F978-1-4419-1120-9.pdf,https://link.springer.com/download/epub/10.1007%2F978-1-4419-1120-9.epub
978-1-4419-5653-8,Design Research in Information Systems,2010,"Alan Hevner, Samir Chatterjee",https://link.springer.com/content/pdf/10.1007%2F978-1-4419-5653-8.pdf,https://link.springer.com/download/epub/10.1007%2F978-1-4419-5653-8.epub
978-1-4419-6488-5,Sensory Evaluation of Food,2nd ed. 2010,"Harry T. Lawless, Hildegarde Heymann",https://link.springer.com/content/pdf/10.1007%2F978-1-4419-6488-5.pdf,https://link.springer.com/download/epub/10.1007%2F978-1-4419-6488-5.epub
978-1-4419-6646-9,Survival Analysis,3rd ed. 2012,"David G. Kleinbaum, Mitchel Klein",https://link.springer.com/content/pdf/10.1007%2F978-1-4419-6646-9.pdf,https://link.springer.com/download/epub/10.1007%2F978-1-4419-6646-9.epub
978-1-4419-7288-0,Complex Analysis,3rd ed. 2010,"Joseph Bak, Donald J. Newman",https://link.springer.com/content/pdf/10.1007%2F978-1-4419-7288-0.pdf,https://link.springer.com/download/epub/10.1007%2F978-1-4419-7288-0.epub
978-1-4419-9479-0,"Reading, Writing, and Proving",2nd ed. 2011,"Ulrich Daepp, Pamela Gorkin",https://link.springer.com/content/pdf/10.1007%2F978-1-4419-9479-0.pdf,https://link.springer.com/download/epub/10.1007%2F978-1-4419-9479-0.epub
978-1-4419-9504-9,Principles of Terrestrial Ecosystem Ecology,2nd ed. 2012,"F Stuart Chapin III, Pamela A. Matson, Peter Vitousek",https://link.springer.com/content/pdf/10.1007%2F978-1-4419-9504-9.pdf,https://link.springer.com/download/epub/10.1007%2F978-1-4419-9504-9.epub
978-1-4419-9982-5,Introduction to Smooth Manifolds,2nd ed. 2013,John Lee,https://link.springer.com/content/pdf/10.1007%2F978-1-4419-9982-5.pdf,https://link.springer.com/download/epub/10.1007%2F978-1-4419-9982-5.epub
978-1-4471-4474-8,Biomedical Informatics,4th ed. 2014,"Edward H. Shortliffe, James J. Cimino",https://link.springer.com/content/pdf/10.1007%2F978-1-4471-4474-8.pdf,https://link.springer.com/download/epub/10.1007%2F978-1-4471-4474-8.epub
978-1-4471-5134-0,Foundations for Designing User-Centered Systems,2014,"Frank E. Ritter, Gordon D. Baxter, Elizabeth F. Churchill",https://link.springer.com/content/pdf/10.1007%2F978-1-4471-5134-0.pdf,https://link.springer.com/download/epub/10.1007%2F978-1-4471-5134-0.epub
978-1-4471-5201-9,Probability Theory,2013,Alexandr A. Borovkov,https://link.springer.com/content/pdf/10.1007%2F978-1-4471-5201-9.pdf,https://link.springer.com/download/epub/10.1007%2F978-1-4471-5201-9.epub
978-1-4471-5361-0,Probability Theory,2nd ed. 2014,Achim Klenke,https://link.springer.com/content/pdf/10.1007%2F978-1-4471-5361-0.pdf,https://link.springer.com/download/epub/10.1007%2F978-1-4471-5361-0.epub
978-1-4471-5601-7,Concise Guide to Databases,2013,"Peter Lake, Paul Crowther",https://link.springer.com/content/pdf/10.1007%2F978-1-4471-5601-7.pdf,https://link.springer.com/download/epub/10.1007%2F978-1-4471-5601-7.epub
978-1-4471-6419-7,Multivariate Calculus and Geometry,3rd ed. 2014,Seán Dineen,https://link.springer.com/content/pdf/10.1007%2F978-1-4471-6419-7.pdf,https://link.springer.com/download/epub/10.1007%2F978-1-4471-6419-7.epub
978-1-4471-6642-9,Python Programming Fundamentals,2nd ed. 2014,Kent D. Lee,https://link.springer.com/content/pdf/10.1007%2F978-1-4471-6642-9.pdf,https://link.springer.com/download/epub/10.1007%2F978-1-4471-6642-9.epub
978-1-4471-6684-9,Digital Image Processing,2nd ed. 2016,"Wilhelm Burger, Mark J. Burge",https://link.springer.com/content/pdf/10.1007%2F978-1-4471-6684-9.pdf,https://link.springer.com/download/epub/10.1007%2F978-1-4471-6684-9.epub
978-1-4471-7307-6,Principles of Data Mining,3rd ed. 2016,Max Bramer,https://link.springer.com/content/pdf/10.1007%2F978-1-4471-7307-6.pdf,https://link.springer.com/download/epub/10.1007%2F978-1-4471-7307-6.epub
978-1-4612-0979-9,Representation Theory,2004,"William Fulton, Joe Harris",https://link.springer.com/content/pdf/10.1007%2F978-1-4612-0979-9.pdf,https://link.springer.com/download/epub/10.1007%2F978-1-4612-0979-9.epub
978-1-4612-1272-0,Quantum Mechanics,2000,K.T. Hecht,https://link.springer.com/content/pdf/10.1007%2F978-1-4612-1272-0.pdf,https://link.springer.com/download/epub/10.1007%2F978-1-4612-1272-0.epub
978-1-4612-1844-9,Automata and Computability,1997,Dexter C. Kozen,https://link.springer.com/content/pdf/10.1007%2F978-1-4612-1844-9.pdf,https://link.springer.com/download/epub/10.1007%2F978-1-4612-1844-9.epub
978-1-4612-4360-1,Differential Equations and Their Applications,4th ed. 1993,Martin Braun,https://link.springer.com/content/pdf/10.1007%2F978-1-4612-4360-1.pdf,https://link.springer.com/download/epub/10.1007%2F978-1-4612-4360-1.epub
978-1-4612-4374-8,Probability,1993,Jim Pitman,https://link.springer.com/content/pdf/10.1007%2F978-1-4612-4374-8.pdf,https://link.springer.com/download/epub/10.1007%2F978-1-4612-4374-8.epub
978-1-4613-0041-0,Algebra,3rd ed. 2002,Serge Lang,https://link.springer.com/content/pdf/10.1007%2F978-1-4613-0041-0.pdf,https://link.springer.com/download/epub/10.1007%2F978-1-4613-0041-0.epub
978-1-4613-0139-4,Human Chromosomes,4th ed. 2001,"Orlando J. Miller, Eeva Therman",https://link.springer.com/content/pdf/10.1007%2F978-1-4613-0139-4.pdf,https://link.springer.com/download/epub/10.1007%2F978-1-4613-0139-4.epub
978-1-4614-0400-2,Electrical Machines,2012,Slobodan N. Vukosavic,https://link.springer.com/content/pdf/10.1007%2F978-1-4614-0400-2.pdf,https://link.springer.com/download/epub/10.1007%2F978-1-4614-0400-2.epub
978-1-4614-2197-9,MATLAB for Psychologists,2012,"Mauro Borgo, Alessandro Soranzo, Massimo Grassi",https://link.springer.com/content/pdf/10.1007%2F978-1-4614-2197-9.pdf,https://link.springer.com/download/epub/10.1007%2F978-1-4614-2197-9.epub
978-1-4614-2212-9,Principles of Polymer Chemistry,3rd ed. 2012,A. Ravve,https://link.springer.com/content/pdf/10.1007%2F978-1-4614-2212-9.pdf,https://link.springer.com/download/epub/10.1007%2F978-1-4614-2212-9.epub
978-1-4614-3143-5,Introduction to Embedded Systems,2014,"Manuel Jiménez, Rogelio Palomera, Isidoro Couvertier",https://link.springer.com/content/pdf/10.1007%2F978-1-4614-3143-5.pdf,https://link.springer.com/download/epub/10.1007%2F978-1-4614-3143-5.epub
978-1-4614-3523-5,Ceramic Materials,2nd ed. 2013,"C. Barry Carter, M. Grant Norton",https://link.springer.com/content/pdf/10.1007%2F978-1-4614-3523-5.pdf,https://link.springer.com/download/epub/10.1007%2F978-1-4614-3523-5.epub
978-1-4614-3618-8,Ordinary Differential Equations,2012,"William A. Adkins, Mark G. Davidson",https://link.springer.com/content/pdf/10.1007%2F978-1-4614-3618-8.pdf,https://link.springer.com/download/epub/10.1007%2F978-1-4614-3618-8.epub
978-1-4614-3954-7,Structure Determination by X-ray Crystallography,5th ed. 2013,"Mark Ladd, Rex Palmer",https://link.springer.com/content/pdf/10.1007%2F978-1-4614-3954-7.pdf,https://link.springer.com/download/epub/10.1007%2F978-1-4614-3954-7.epub
978-1-4614-3987-5,Handbook of Marriage and the Family,3rd ed. 2013,"Gary W. Peterson, Kevin R. Bush",https://link.springer.com/content/pdf/10.1007%2F978-1-4614-3987-5.pdf,https://link.springer.com/download/epub/10.1007%2F978-1-4614-3987-5.epub
978-1-4614-4262-2,Applied Chemistry,2nd ed. 2013,"Oleg Roussak, H. D. Gesser",https://link.springer.com/content/pdf/10.1007%2F978-1-4614-4262-2.pdf,https://link.springer.com/download/epub/10.1007%2F978-1-4614-4262-2.epub
978-1-4614-4556-2,LGBT-Parent Families,2013,"Abbie E. Goldberg, Katherine R. Allen",https://link.springer.com/content/pdf/10.1007%2F978-1-4614-4556-2.pdf,https://link.springer.com/download/epub/10.1007%2F978-1-4614-4556-2.epub
978-1-4614-4809-9,Partial Differential Equations,3rd ed. 2013,Jürgen Jost,https://link.springer.com/content/pdf/10.1007%2F978-1-4614-4809-9.pdf,https://link.springer.com/download/epub/10.1007%2F978-1-4614-4809-9.epub
978-1-4614-5538-7,A Clinical Guide to the Treatment of the Human Stress Response,3rd ed. 2013,"George S. Everly, Jr., Jeffrey M. Lating",https://link.springer.com/content/pdf/10.1007%2F978-1-4614-5538-7.pdf,https://link.springer.com/download/epub/10.1007%2F978-1-4614-5538-7.epub
978-1-4614-6227-9,Understanding Statistics Using R,2013,"Randall Schumacker, Sara Tomek",https://link.springer.com/content/pdf/10.1007%2F978-1-4614-6227-9.pdf,https://link.springer.com/download/epub/10.1007%2F978-1-4614-6227-9.epub
978-1-4614-6271-2,Elementary Analysis,2nd ed. 2013,Kenneth A. Ross,https://link.springer.com/content/pdf/10.1007%2F978-1-4614-6271-2.pdf,https://link.springer.com/download/epub/10.1007%2F978-1-4614-6271-2.epub
978-1-4614-6486-0,Pharmaceutical Biotechnology,4th ed. 2013,"Daan J. A. Crommelin, Robert D. Sindelar, Bernd Meibohm",https://link.springer.com/content/pdf/10.1007%2F978-1-4614-6486-0.pdf,https://link.springer.com/download/epub/10.1007%2F978-1-4614-6486-0.epub
978-1-4614-6786-1,Principles of Musical Acoustics,2013,William M. Hartmann,https://link.springer.com/content/pdf/10.1007%2F978-1-4614-6786-1.pdf,https://link.springer.com/download/epub/10.1007%2F978-1-4614-6786-1.epub
978-1-4614-6849-3,Applied Predictive Modeling,2013,"Max Kuhn, Kjell Johnson",https://link.springer.com/content/pdf/10.1007%2F978-1-4614-6849-3.pdf,https://link.springer.com/download/epub/10.1007%2F978-1-4614-6849-3.epub
978-1-4614-6940-7,Search Methodologies,2nd ed. 2014,"Edmund K. Burke, Graham Kendall",https://link.springer.com/content/pdf/10.1007%2F978-1-4614-6940-7.pdf,https://link.springer.com/download/epub/10.1007%2F978-1-4614-6940-7.epub
978-1-4614-7116-5,Quantum Theory for Mathematicians,2013,Brian C. Hall,https://link.springer.com/content/pdf/10.1007%2F978-1-4614-7116-5.pdf,https://link.springer.com/download/epub/10.1007%2F978-1-4614-7116-5.epub
978-1-4614-7138-7,An Introduction to Statistical Learning,2013,"Gareth James, Daniela Witten, Trevor Hastie, Robert Tibshirani",https://link.springer.com/content/pdf/10.1007%2F978-1-4614-7138-7.pdf,https://link.springer.com/download/epub/10.1007%2F978-1-4614-7138-7.epub
978-1-4614-7630-6,Linear Programming,4th ed. 2014,Robert J Vanderbei,https://link.springer.com/content/pdf/10.1007%2F978-1-4614-7630-6.pdf,https://link.springer.com/download/epub/10.1007%2F978-1-4614-7630-6.epub
978-1-4614-7807-2,Evidence-Based Interventions for Children with Challenging Behavior,2014,"Kathleen Hague Armstrong, Julia A. Ogg, Ashley N. Sundman-Wheat, Audra St. John Walsh",https://link.springer.com/content/pdf/10.1007%2F978-1-4614-7807-2.pdf,https://link.springer.com/download/epub/10.1007%2F978-1-4614-7807-2.epub
978-1-4614-7946-8,Calculus With Applications,2nd ed. 2014,"Peter D. Lax, Maria Shea Terrell",https://link.springer.com/content/pdf/10.1007%2F978-1-4614-7946-8.pdf,https://link.springer.com/download/epub/10.1007%2F978-1-4614-7946-8.epub
978-1-4614-8687-9,Bayesian Essentials with R,2nd ed. 2014,"Jean-Michel Marin, Christian P. Robert",https://link.springer.com/content/pdf/10.1007%2F978-1-4614-8687-9.pdf,https://link.springer.com/download/epub/10.1007%2F978-1-4614-8687-9.epub
978-1-4614-8933-7,Electrochemical Impedance Spectroscopy and its Applications,2014,Andrzej Lasia,https://link.springer.com/content/pdf/10.1007%2F978-1-4614-8933-7.pdf,https://link.springer.com/download/epub/10.1007%2F978-1-4614-8933-7.epub
978-1-4614-9126-2,Chemical and Bioprocess Engineering,2013,"Ricardo Simpson, Sudhir K. Sastry",https://link.springer.com/content/pdf/10.1007%2F978-1-4614-9126-2.pdf,https://link.springer.com/download/epub/10.1007%2F978-1-4614-9126-2.epub
978-1-4614-9138-5,Essentials of Food Science,4th ed. 2014,"Vickie A. Vaclavik, Elizabeth W. Christian",https://link.springer.com/content/pdf/10.1007%2F978-1-4614-9138-5.pdf,https://link.springer.com/download/epub/10.1007%2F978-1-4614-9138-5.epub
978-1-4614-9170-5,Statistics in Criminal Justice,4th ed. 2014,"David Weisburd, Chester Britt",https://link.springer.com/content/pdf/10.1007%2F978-1-4614-9170-5.pdf,https://link.springer.com/download/epub/10.1007%2F978-1-4614-9170-5.epub
978-1-4614-9236-8,Principles of Astrophysics,2014,Charles Keeton,https://link.springer.com/content/pdf/10.1007%2F978-1-4614-9236-8.pdf,https://link.springer.com/download/epub/10.1007%2F978-1-4614-9236-8.epub
978-1-4615-1077-2,Integrated Neuroscience,2003,"Elliott M. Marcus, Stanley Jacobson",https://link.springer.com/content/pdf/10.1007%2F978-1-4615-1077-2.pdf,https://link.springer.com/download/epub/10.1007%2F978-1-4615-1077-2.epub
978-1-4757-0576-8,Principles of Quantum Mechanics,2nd ed. 1994,R. Shankar,https://link.springer.com/content/pdf/10.1007%2F978-1-4757-0576-8.pdf,https://link.springer.com/download/epub/10.1007%2F978-1-4757-0576-8.epub
978-1-4757-2519-3,Transmission Electron Microscopy,1996,"David B. Williams, C. Barry Carter",https://link.springer.com/content/pdf/10.1007%2F978-1-4757-2519-3.pdf,https://link.springer.com/download/epub/10.1007%2F978-1-4757-2519-3.epub
978-1-4899-7454-9,Engineering Flow and Heat Exchange,3rd ed. 2014,Octave Levenspiel,https://link.springer.com/content/pdf/10.1007%2F978-1-4899-7454-9.pdf,https://link.springer.com/download/epub/10.1007%2F978-1-4899-7454-9.epub
978-1-4899-7550-8,The Finite Element Method and Applications in Engineering Using ANSYS®,2nd ed. 2015,"Erdogan Madenci, Ibrahim Guven",https://link.springer.com/content/pdf/10.1007%2F978-1-4899-7550-8.pdf,https://link.springer.com/download/epub/10.1007%2F978-1-4899-7550-8.epub
978-1-4939-0867-7,The Psychology of Social Status,2014,"Joey T. Cheng, Jessica L. Tracy, Cameron Anderson",https://link.springer.com/content/pdf/10.1007%2F978-1-4939-0867-7.pdf,https://link.springer.com/download/epub/10.1007%2F978-1-4939-0867-7.epub
978-1-4939-1151-6,Physics of Semiconductor Devices,2015,Massimo Rudan,https://link.springer.com/content/pdf/10.1007%2F978-1-4939-1151-6.pdf,https://link.springer.com/download/epub/10.1007%2F978-1-4939-1151-6.epub
978-1-4939-1194-3,Classical Fourier Analysis,3rd ed. 2014,Loukas Grafakos,https://link.springer.com/content/pdf/10.1007%2F978-1-4939-1194-3.pdf,https://link.springer.com/download/epub/10.1007%2F978-1-4939-1194-3.epub
978-1-4939-1911-6,Psychoeducational Assessment and Report Writing,2015,Stefan C. Dombrowski,https://link.springer.com/content/pdf/10.1007%2F978-1-4939-1911-6.pdf,https://link.springer.com/download/epub/10.1007%2F978-1-4939-1911-6.epub
978-1-4939-2113-3,Additive Manufacturing Technologies,2nd ed. 2015,"Ian Gibson, David Rosen, Brent Stucker",https://link.springer.com/content/pdf/10.1007%2F978-1-4939-2113-3.pdf,https://link.springer.com/download/epub/10.1007%2F978-1-4939-2113-3.epub
978-1-4939-2122-5,Statistical Analysis and Data Display,2nd ed. 2015,"Richard M. Heiberger, Burt Holland",https://link.springer.com/content/pdf/10.1007%2F978-1-4939-2122-5.pdf,https://link.springer.com/download/epub/10.1007%2F978-1-4939-2122-5.epub
978-1-4939-2614-5,Statistics and Data Analysis for Financial Engineering,2nd ed. 2015,"David Ruppert, David S. Matteson",https://link.springer.com/content/pdf/10.1007%2F978-1-4939-2614-5.pdf,https://link.springer.com/download/epub/10.1007%2F978-1-4939-2614-5.epub
978-1-4939-2623-7,An Introduction to Biomechanics,2nd ed. 2015,"Jay D. Humphrey, Sherry L. O’Rourke",https://link.springer.com/content/pdf/10.1007%2F978-1-4939-2623-7.pdf,https://link.springer.com/download/epub/10.1007%2F978-1-4939-2623-7.epub
978-1-4939-2712-8,Understanding Analysis,2nd ed. 2015,Stephen Abbott,https://link.springer.com/content/pdf/10.1007%2F978-1-4939-2712-8.pdf,https://link.springer.com/download/epub/10.1007%2F978-1-4939-2712-8.epub
978-1-4939-2766-1,Real Analysis,1st ed. 2015,"Miklós Laczkovich, Vera T. Sós",https://link.springer.com/content/pdf/10.1007%2F978-1-4939-2766-1.pdf,https://link.springer.com/download/epub/10.1007%2F978-1-4939-2766-1.epub
978-1-4939-3058-6,Integrative Human Biochemistry,1st ed. 2015,"Andrea T. da Poian, Miguel A. R. B. Castanho",https://link.springer.com/content/pdf/10.1007%2F978-1-4939-3058-6.pdf,https://link.springer.com/download/epub/10.1007%2F978-1-4939-3058-6.epub
978-1-4939-6374-4,Learning Landscape Ecology,2nd ed. 2017,"Sarah E. Gergel, Monica G. Turner",https://link.springer.com/content/pdf/10.1007%2F978-1-4939-6374-4.pdf,https://link.springer.com/download/epub/10.1007%2F978-1-4939-6374-4.epub
978-1-4939-6572-4,Statistics and Analysis of Scientific Data,2nd ed. 2017,Massimiliano Bonamente,https://link.springer.com/content/pdf/10.1007%2F978-1-4939-6572-4.pdf,https://link.springer.com/download/epub/10.1007%2F978-1-4939-6572-4.epub
978-1-4939-6676-9,Scanning Electron Microscopy and X-Ray Microanalysis,4th ed. 2018,"Joseph I. Goldstein, Dale E. Newbury, Joseph R. Michael, Nicholas W.M. Ritchie, John Henry J. Scott, David C.",https://link.springer.com/content/pdf/10.1007%2F978-1-4939-6676-9.pdf,https://link.springer.com/download/epub/10.1007%2F978-1-4939-6676-9.epub
978-1-4939-9621-6,Food Fraud Prevention,1st ed. 2019,John W. Spink,https://link.springer.com/content/pdf/10.1007%2F978-1-4939-9621-6.pdf,https://link.springer.com/download/epub/10.1007%2F978-1-4939-9621-6.epub
978-1-84628-168-6,A Modern Introduction to Probability and Statistics,2005,"F.M. Dekking, C. Kraaikamp, H.P. Lopuhaä, L.E. Meester",https://link.springer.com/content/pdf/10.1007%2F1-84628-168-7.pdf,https://link.springer.com/download/epub/10.1007%2F978-1-84628-168-6.epub
978-1-84628-642-1,Robotics,2009,"Bruno Siciliano, Lorenzo Sciavicco, Luigi Villani, Giuseppe Oriolo",https://link.springer.com/content/pdf/10.1007%2F978-1-84628-642-1.pdf,https://link.springer.com/download/epub/10.1007%2F978-1-84628-642-1.epub
978-1-84800-070-4,The Algorithm Design Manual,2nd ed. 2008,Steven S Skiena,https://link.springer.com/content/pdf/10.1007%2F978-1-84800-070-4.pdf,https://link.springer.com/download/epub/10.1007%2F978-1-84800-070-4.epub
978-1-84800-322-4,Modelling Computing Systems,2013,"Faron Moller, Georg Struth",https://link.springer.com/content/pdf/10.1007%2F978-1-84800-322-4.pdf,https://link.springer.com/download/epub/10.1007%2F978-1-84800-322-4.epub
978-1-84882-935-0,Computer Vision,2011,Richard Szeliski,https://link.springer.com/content/pdf/10.1007%2F978-1-84882-935-0.pdf,https://link.springer.com/download/epub/10.1007%2F978-1-84882-935-0.epub
978-3-030-00464-4,Quantum Mechanics for Pedestrians 1,2nd ed. 2018,Jochen Pade,https://link.springer.com/content/pdf/10.1007%2F978-3-030-00464-4.pdf,https://link.springer.com/download/epub/10.1007%2F978-3-030-00464-4.epub
978-3-030-00467-5,Quantum Mechanics for Pedestrians 2,2nd ed. 2018,Jochen Pade,https://link.springer.com/content/pdf/10.1007%2F978-3-030-00467-5.pdf,https://link.springer.com/download/epub/10.1007%2F978-3-030-00467-5.epub
978-3-030-00581-8,Introductory Computer Forensics,1st ed. 2018,Xiaodong Lin,https://link.springer.com/content/pdf/10.1007%2F978-3-030-00581-8.pdf,https://link.springer.com/download/epub/10.1007%2F978-3-030-00581-8.epub
978-3-030-00710-2,Pharmaceutical Biotechnology,5th ed. 2019,"Daan J. A. Crommelin, Robert D. Sindelar, Bernd Meibohm",https://link.springer.com/content/pdf/10.1007%2F978-3-030-00710-2.pdf,https://link.springer.com/download/epub/10.1007%2F978-3-030-00710-2.epub
978-3-030-01279-3,Excel Data Analysis,2nd ed. 2019,Hector Guerrero,https://link.springer.com/content/pdf/10.1007%2F978-3-030-01279-3.pdf,https://link.springer.com/download/epub/10.1007%2F978-3-030-01279-3.epub
978-3-030-02405-5,Stability and Control of Linear Systems,1st ed. 2019,Andrea Bacciotti,https://link.springer.com/content/pdf/10.1007%2F978-3-030-02405-5.pdf,https://link.springer.com/download/epub/10.1007%2F978-3-030-02405-5.epub
978-3-030-02604-2,A Pythagorean Introduction to Number Theory,1st ed. 2018,Ramin Takloo-Bighash,https://link.springer.com/content/pdf/10.1007%2F978-3-030-02604-2.pdf,https://link.springer.com/download/epub/10.1007%2F978-3-030-02604-2.epub
978-3-030-03255-5,Philosophical and Mathematical Logic,1st ed. 2018,Harrie de Swart,https://link.springer.com/content/pdf/10.1007%2F978-3-030-03255-5.pdf,https://link.springer.com/download/epub/10.1007%2F978-3-030-03255-5.epub
978-3-030-04516-6,Quick Start Guide to VHDL,1st ed. 2019,Brock J. LaMeres,https://link.springer.com/content/pdf/10.1007%2F978-3-030-04516-6.pdf,https://link.springer.com/download/epub/10.1007%2F978-3-030-04516-6.epub
978-3-030-05609-4,"An Anthology of London in Literature, 1558-1914",1st ed. 2019,"Geoffrey G. Hiller, Peter L. Groves, Alan F. Dilnot",https://link.springer.com/content/pdf/10.1007%2F978-3-030-05609-4.pdf,https://link.springer.com/download/epub/10.1007%2F978-3-030-05609-4.epub
978-3-030-05900-2,Research Methods for Social Justice and Equity in Education,1st ed. 2019,"Kamden K. Strunk, Leslie Ann Locke",https://link.springer.com/content/pdf/10.1007%2F978-3-030-05900-2.pdf,https://link.springer.com/download/epub/10.1007%2F978-3-030-05900-2.epub
978-3-030-10552-5,Quick Start Guide to Verilog,1st ed. 2019,Brock J. LaMeres,https://link.springer.com/content/pdf/10.1007%2F978-3-030-10552-5.pdf,https://link.springer.com/download/epub/10.1007%2F978-3-030-10552-5.epub
978-3-030-11117-5,Handbook of Evolutionary Research in Archaeology,1st ed. 2019,Anna Marie Prentiss,https://link.springer.com/content/pdf/10.1007%2F978-3-030-11117-5.pdf,https://link.springer.com/download/epub/10.1007%2F978-3-030-11117-5.epub
978-3-030-12489-2,Introduction to Logic Circuits & Logic Design with VHDL,2nd ed. 2019,Brock J. LaMeres,https://link.springer.com/content/pdf/10.1007%2F978-3-030-12489-2.pdf,https://link.springer.com/download/epub/10.1007%2F978-3-030-12489-2.epub
978-3-030-12727-5,Mapping Global Theatre Histories,1st ed. 2019,Mark Pizzato,https://link.springer.com/content/pdf/10.1007%2F978-3-030-12727-5.pdf,https://link.springer.com/download/epub/10.1007%2F978-3-030-12727-5.epub
978-3-030-13005-3,Digital Business Models,1st ed. 2019,Bernd W. Wirtz,https://link.springer.com/content/pdf/10.1007%2F978-3-030-13005-3.pdf,https://link.springer.com/download/epub/10.1007%2F978-3-030-13005-3.epub
978-3-030-13020-6,Social Marketing in Action,1st ed. 2019,"Debra Z. Basil, Gonzalo Diaz-Meneses, Michael D. Basil",https://link.springer.com/content/pdf/10.1007%2F978-3-030-13020-6.pdf,https://link.springer.com/download/epub/10.1007%2F978-3-030-13020-6.epub
978-3-030-13605-5,Introduction to Logic Circuits & Logic Design with Verilog,2nd ed. 2019,Brock J. LaMeres,https://link.springer.com/content/pdf/10.1007%2F978-3-030-13605-5.pdf,https://link.springer.com/download/epub/10.1007%2F978-3-030-13605-5.epub
978-3-030-13788-5,Social Psychology in Action,1st ed. 2019,"Kai Sassenberg, Michael L.W. Vliek",https://link.springer.com/content/pdf/10.1007%2F978-3-030-13788-5.pdf,https://link.springer.com/download/epub/10.1007%2F978-3-030-13788-5.epub
978-3-030-15224-6,Evidence-Based Practice in Clinical Social Work,2nd ed. 2019,"James W. Drisko, Melissa D. Grady",https://link.springer.com/content/pdf/10.1007%2F978-3-030-15224-6.pdf,https://link.springer.com/download/epub/10.1007%2F978-3-030-15224-6.epub
978-3-030-15671-8,Analyzing Qualitative Data with MAXQDA,1st ed. 2019,"Udo Kuckartz, Stefan Rädiker",https://link.springer.com/content/pdf/10.1007%2F978-3-030-15671-8.pdf,https://link.springer.com/download/epub/10.1007%2F978-3-030-15671-8.epub
978-3-030-18435-3,Foundations of Behavioral Health,1st ed. 2020,"Bruce Lubotsky Levin, Ardis Hanson",https://link.springer.com/content/pdf/10.1007%2F978-3-030-18435-3.pdf,https://link.springer.com/download/epub/10.1007%2F978-3-030-18435-3.epub
978-3-030-19128-3,Literature and Medicine,1st ed. 2019,"Ronald Schleifer, Jerry B. Vannatta",https://link.springer.com/content/pdf/10.1007%2F978-3-030-19128-3.pdf,https://link.springer.com/download/epub/10.1007%2F978-3-030-19128-3.epub
978-3-030-19182-5,Policing and Minority Communities,1st ed. 2019,"James F. Albrecht, Garth den Heyer, Perry Stanislas",https://link.springer.com/content/pdf/10.1007%2F978-3-030-19182-5.pdf,https://link.springer.com/download/epub/10.1007%2F978-3-030-19182-5.epub
978-3-030-20290-3,A Beginners Guide to Python 3 Programming,1st ed. 2019,John Hunt,https://link.springer.com/content/pdf/10.1007%2F978-3-030-20290-3.pdf,https://link.springer.com/download/epub/10.1007%2F978-3-030-20290-3.epub
978-3-030-25943-3,Advanced Guide to Python 3 Programming,1st ed. 2019,John Hunt,https://link.springer.com/content/pdf/10.1007%2F978-3-030-25943-3.pdf,https://link.springer.com/download/epub/10.1007%2F978-3-030-25943-3.epub
978-3-319-00401-3,Computational Physics,2nd ed. 2013,Philipp Scherer,https://link.springer.com/content/pdf/10.1007%2F978-3-319-00401-3.pdf,https://link.springer.com/download/epub/10.1007%2F978-3-319-00401-3.epub
978-3-319-00894-3,Introduction to Mathematica® for Physicists,2014,Andrey Grozin,https://link.springer.com/content/pdf/10.1007%2F978-3-319-00894-3.pdf,https://link.springer.com/download/epub/10.1007%2F978-3-319-00894-3.epub
978-3-319-01195-0,Mathematical Physics,2nd ed. 2013,Sadri Hassani,https://link.springer.com/content/pdf/10.1007%2F978-3-319-01195-0.pdf,https://link.springer.com/download/epub/10.1007%2F978-3-319-01195-0.epub
978-3-319-01769-3,Logistics,2013,"Harald Gleissner, J. Christian Femerling",https://link.springer.com/content/pdf/10.1007%2F978-3-319-01769-3.pdf,https://link.springer.com/download/epub/10.1007%2F978-3-319-01769-3.epub
978-3-319-01851-5,Fundamentals of Robotic Mechanical Systems,4th ed. 2014,Jorge Angeles,https://link.springer.com/content/pdf/10.1007%2F978-3-319-01851-5.pdf,https://link.springer.com/download/epub/10.1007%2F978-3-319-01851-5.epub
978-3-319-02099-0,Introduction to Partial Differential Equations,2014,Peter J. Olver,https://link.springer.com/content/pdf/10.1007%2F978-3-319-02099-0.pdf,https://link.springer.com/download/epub/10.1007%2F978-3-319-02099-0.epub
978-3-319-03623-6,Handbook of LGBT Elders,1st ed. 2016,"Debra A. Harley, Pamela B. Teaster",https://link.springer.com/content/pdf/10.1007%2F978-3-319-03623-6.pdf,https://link.springer.com/download/epub/10.1007%2F978-3-319-03623-6.epub
978-3-319-03762-2,Data Analysis,4th ed. 2014,Siegmund Brandt,https://link.springer.com/content/pdf/10.1007%2F978-3-319-03762-2.pdf,https://link.springer.com/download/epub/10.1007%2F978-3-319-03762-2.epub
978-3-319-05290-8,Fundamentals of Multimedia,2nd ed. 2014,"Ze-Nian Li, Mark S. Drew, Jiangchuan Liu",https://link.springer.com/content/pdf/10.1007%2F978-3-319-05290-8.pdf,https://link.springer.com/download/epub/10.1007%2F978-3-319-05290-8.epub
978-3-319-05699-9,Irrigation and Drainage Engineering,1st ed. 2016,"Peter Waller, Muluneh Yitayew",https://link.springer.com/content/pdf/10.1007%2F978-3-319-05699-9.pdf,https://link.springer.com/download/epub/10.1007%2F978-3-319-05699-9.epub
978-3-319-07806-9,Engineering Electromagnetics,3rd ed. 2015,Nathan Ida,https://link.springer.com/content/pdf/10.1007%2F978-3-319-07806-9.pdf,https://link.springer.com/download/epub/10.1007%2F978-3-319-07806-9.epub
978-3-319-09171-6,Nanotechnology: Principles and Practices,3rd ed. 2015,Sulabha K. Kulkarni,https://link.springer.com/content/pdf/10.1007%2F978-3-319-09171-6.pdf,https://link.springer.com/download/epub/10.1007%2F978-3-319-09171-6.epub
978-3-319-09351-2,Fluid Dynamics,2015,Michel Rieutord,https://link.springer.com/content/pdf/10.1007%2F978-3-319-09351-2.pdf,https://link.springer.com/download/epub/10.1007%2F978-3-319-09351-2.epub
978-3-319-10091-3,Electronic Commerce,8th ed. 2015,"Efraim Turban, David King, Jae Kyu Lee, Ting-Peng Liang, Deborrah C. Turban",https://link.springer.com/content/pdf/10.1007%2F978-3-319-10091-3.pdf,https://link.springer.com/download/epub/10.1007%2F978-3-319-10091-3.epub
978-3-319-11080-6,Linear Algebra Done Right,3rd ed. 2015,Sheldon Axler,https://link.springer.com/content/pdf/10.1007%2F978-3-319-11080-6.pdf,https://link.springer.com/download/epub/10.1007%2F978-3-319-11080-6.epub
978-3-319-12493-3,Applied Partial Differential Equations,3rd ed. 2015,J. David Logan,https://link.springer.com/content/pdf/10.1007%2F978-3-319-12493-3.pdf,https://link.springer.com/download/epub/10.1007%2F978-3-319-12493-3.epub
978-3-319-12682-1,Intermediate Physics for Medicine and Biology,5th ed. 2015,"Russell K. Hobbie, Bradley J. Roth",https://link.springer.com/content/pdf/10.1007%2F978-3-319-12682-1.pdf,https://link.springer.com/download/epub/10.1007%2F978-3-319-12682-1.epub
978-3-319-12742-2,UML @ Classroom,2015,"Martina Seidl, Marion Scholz, Christian Huemer, Gerti Kappel",https://link.springer.com/content/pdf/10.1007%2F978-3-319-12742-2.pdf,https://link.springer.com/download/epub/10.1007%2F978-3-319-12742-2.epub
978-3-319-13072-9,Data Structures and Algorithms with Python,2015,"Kent D. Lee, Steve Hubbard",https://link.springer.com/content/pdf/10.1007%2F978-3-319-13072-9.pdf,https://link.springer.com/download/epub/10.1007%2F978-3-319-13072-9.epub
978-3-319-14142-8,Data Mining,2015,Charu C. Aggarwal,https://link.springer.com/content/pdf/10.1007%2F978-3-319-14142-8.pdf,https://link.springer.com/download/epub/10.1007%2F978-3-319-14142-8.epub
978-3-319-14240-1,The Python Workbook,2014,Ben Stephenson,https://link.springer.com/content/pdf/10.1007%2F978-3-319-14240-1.pdf,https://link.springer.com/download/epub/10.1007%2F978-3-319-14240-1.epub
978-3-319-14454-2,International Humanitarian Action,1st ed. 2018,"Hans-Joachim Heintze, Pierre Thielbörger",https://link.springer.com/content/pdf/10.1007%2F978-3-319-14454-2.pdf,https://link.springer.com/download/epub/10.1007%2F978-3-319-14454-2.epub
978-3-319-14777-2,Physical Asset Management,2nd ed. 2015,Nicholas Anthony John Hastings,https://link.springer.com/content/pdf/10.1007%2F978-3-319-14777-2.pdf,https://link.springer.com/download/epub/10.1007%2F978-3-319-14777-2.epub
978-3-319-14941-7,Solar PV and Wind Energy Conversion Systems,2015,"S. Sumathi, L. Ashok Kumar, P. Surekha",https://link.springer.com/content/pdf/10.1007%2F978-3-319-14941-7.pdf,https://link.springer.com/download/epub/10.1007%2F978-3-319-14941-7.epub
978-3-319-15018-5,Statistical Mechanics for Engineers,1st ed. 2015,Isamu Kusaka,https://link.springer.com/content/pdf/10.1007%2F978-3-319-13809-1.pdf,https://link.springer.com/download/epub/10.1007%2F978-3-319-13809-1.epub
978-3-319-15195-3,Machine Learning in Medicine - a Complete Overview,2015,"Ton J. Cleophas, Aeilko H. Zwinderman",https://link.springer.com/content/pdf/10.1007%2F978-3-319-15195-3.pdf,https://link.springer.com/download/epub/10.1007%2F978-3-319-15195-3.epub
978-3-319-15666-8,Physical Chemistry from a Different Angle,1st ed. 2016,"Georg Job, Regina Rüffler",https://link.springer.com/content/pdf/10.1007%2F978-3-319-15666-8.pdf,https://link.springer.com/download/epub/10.1007%2F978-3-319-15666-8.epub
978-3-319-16874-6,The Finite Volume Method in Computational Fluid Dynamics,1st ed. 2016,"F. Moukalled, L. Mangani, M. Darwish",https://link.springer.com/content/pdf/10.1007%2F978-3-319-16874-6.pdf,https://link.springer.com/download/epub/10.1007%2F978-3-319-16874-6.epub
978-3-319-18398-5,Python For ArcGIS,1st ed. 2015,Laura Tateosian,https://link.springer.com/content/pdf/10.1007%2F978-3-319-18398-5.pdf,https://link.springer.com/download/epub/10.1007%2F978-3-319-18398-5.epub
978-3-319-18539-2,Fundamentals of Clinical Trials,5th ed. 2015,"Lawrence M. Friedman, Curt D. Furberg, David L. DeMets, David M. Reboussin, Christopher B. Granger",https://link.springer.com/content/pdf/10.1007%2F978-3-319-18539-2.pdf,https://link.springer.com/download/epub/10.1007%2F978-3-319-18539-2.epub
978-3-319-18842-3,Linear and Nonlinear Programming,4th ed. 2016,"David G. Luenberger, Yinyu Ye",https://link.springer.com/content/pdf/10.1007%2F978-3-319-18842-3.pdf,https://link.springer.com/download/epub/10.1007%2F978-3-319-18842-3.epub
978-3-319-19425-7,Regression Modeling Strategies,2nd ed. 2015,"Frank E. Harrell , Jr.",https://link.springer.com/content/pdf/10.1007%2F978-3-319-19425-7.pdf,https://link.springer.com/download/epub/10.1007%2F978-3-319-19425-7.epub
978-3-319-19464-6,"Handbook of Cardiac Anatomy, Physiology, and Devices",3rd ed. 2015,Paul A. Iaizzo,https://link.springer.com/content/pdf/10.1007%2F978-3-319-19464-6.pdf,https://link.springer.com/download/epub/10.1007%2F978-3-319-19464-6.epub
978-3-319-19587-2,Elementary Mechanics Using Matlab,2015,Anders Malthe-Sørenssen,https://link.springer.com/content/pdf/10.1007%2F978-3-319-19587-2.pdf,https://link.springer.com/download/epub/10.1007%2F978-3-319-19587-2.epub
978-3-319-19596-4,Elementary Mechanics Using Python,2015,Anders Malthe-Sørenssen,https://link.springer.com/content/pdf/10.1007%2F978-3-319-19596-4.pdf,https://link.springer.com/download/epub/10.1007%2F978-3-319-19596-4.epub
978-3-319-20451-2,Readings in Formal Epistemology,1st ed. 2016,"Horacio Arló-Costa, Vincent F. Hendricks, Johan van Benthem",https://link.springer.com/content/pdf/10.1007%2F978-3-319-20451-2.pdf,https://link.springer.com/download/epub/10.1007%2F978-3-319-20451-2.epub
978-3-319-20600-4,SPSS for Starters and 2nd Levelers,2nd ed. 2016,"Ton J. Cleophas, Aeilko H. Zwinderman",https://link.springer.com/content/pdf/10.1007%2F978-3-319-20600-4.pdf,https://link.springer.com/download/epub/10.1007%2F978-3-319-20600-4.epub
978-3-319-21173-2,Practical Electrical Engineering,1st ed. 2016,"Sergey N. Makarov, Reinhold Ludwig, Stephen J. Bitar",https://link.springer.com/content/pdf/10.1007%2F978-3-319-21173-2.pdf,https://link.springer.com/download/epub/10.1007%2F978-3-319-21173-2.epub
978-3-319-21239-5,Energy Storage,2nd ed. 2016,Robert Huggins,https://link.springer.com/content/pdf/10.1007%2F978-3-319-21239-5.pdf,https://link.springer.com/download/epub/10.1007%2F978-3-319-21239-5.epub
978-3-319-21936-3,Cryptography Made Simple,1st ed. 2016,Nigel Smart,https://link.springer.com/content/pdf/10.1007%2F978-3-319-21936-3.pdf,https://link.springer.com/download/epub/10.1007%2F978-3-319-21936-3.epub
978-3-319-21990-5,Social Media Management,1st ed. 2016,Amy Van Looy,https://link.springer.com/content/pdf/10.1007%2F978-3-319-21990-5.pdf,https://link.springer.com/download/epub/10.1007%2F978-3-319-21990-5.epub
978-3-319-22309-4,Introduction to Plasma Physics and Controlled Fusion,3rd ed. 2016,Francis Chen,https://link.springer.com/content/pdf/10.1007%2F978-3-319-22309-4.pdf,https://link.springer.com/download/epub/10.1007%2F978-3-319-22309-4.epub
978-3-319-22951-5,Magnetic Interactions in Molecules and Solids,1st ed. 2016,"Coen de Graaf, Ria Broer",https://link.springer.com/content/pdf/10.1007%2F978-3-319-22951-5.pdf,https://link.springer.com/download/epub/10.1007%2F978-3-319-22951-5.epub
978-3-319-23012-2,Multinational Management,1st ed. 2016,Rien Segers,https://link.springer.com/content/pdf/10.1007%2F978-3-319-23012-2.pdf,https://link.springer.com/download/epub/10.1007%2F978-3-319-23012-2.epub
978-3-319-23042-9,Methods of Mathematical Modelling,1st ed. 2015,"Thomas Witelski, Mark Bowen",https://link.springer.com/content/pdf/10.1007%2F978-3-319-23042-9.pdf,https://link.springer.com/download/epub/10.1007%2F978-3-319-23042-9.epub
978-3-319-23428-1,Stochastic Processes and Calculus,1st ed. 2016,Uwe Hassler,https://link.springer.com/content/pdf/10.1007%2F978-3-319-23428-1.pdf,https://link.springer.com/download/epub/10.1007%2F978-3-319-23428-1.epub
978-3-319-23880-7,The Physics of Semiconductors,3rd ed. 2016,Marius Grundmann,https://link.springer.com/content/pdf/10.1007%2F978-3-319-23880-7.pdf,https://link.springer.com/download/epub/10.1007%2F978-3-319-23880-7.epub
978-3-319-24280-4,"Object-Oriented Analysis, Design and Implementation",2nd ed. 2015,"Brahma Dathan, Sarnath Ramnath",https://link.springer.com/content/pdf/10.1007%2F978-3-319-24280-4.pdf,https://link.springer.com/download/epub/10.1007%2F978-3-319-24280-4.epub
978-3-319-24331-3,Fundamentals of Structural Engineering,2nd ed. 2016,"Jerome J. Connor, Susan Faraji",https://link.springer.com/content/pdf/10.1007%2F978-3-319-24331-3.pdf,https://link.springer.com/download/epub/10.1007%2F978-3-319-24331-3.epub
978-3-319-24346-7,Linear Algebra,1st ed. 2015,"Jörg Liesen, Volker Mehrmann",https://link.springer.com/content/pdf/10.1007%2F978-3-319-24346-7.pdf,https://link.springer.com/download/epub/10.1007%2F978-3-319-24346-7.epub
978-3-319-24551-5,Essentials of Cerebellum and Cerebellar Disorders,1st ed. 2016,"Donna L. Gruol, Noriyuki Koibuchi, Mario Manto, Marco Molinari, Jeremy D. Schmahmann, Ying Shen",https://link.springer.com/content/pdf/10.1007%2F978-3-319-24551-5.pdf,https://link.springer.com/download/epub/10.1007%2F978-3-319-24551-5.epub
978-3-319-25675-7,Advanced Quantum Mechanics,2nd ed. 2016,RAINER DICK,https://link.springer.com/content/pdf/10.1007%2F978-3-319-25675-7.pdf,https://link.springer.com/download/epub/10.1007%2F978-3-319-25675-7.epub
978-3-319-25970-3,The ASCRS Textbook of Colon and Rectal Surgery,3rd ed. 2016,"Scott R. Steele, Tracy L. Hull, Thomas E. Read, Theodore J. Saclarides, Anthony J. Senagore, Charles B.",https://link.springer.com/content/pdf/10.1007%2F978-3-319-25970-3.pdf,https://link.springer.com/download/epub/10.1007%2F978-3-319-25970-3.epub
978-3-319-26551-3,Philosophy of Science for Scientists,1st ed. 2016,Lars-Göran Johansson,https://link.springer.com/content/pdf/10.1007%2F978-3-319-26551-3.pdf,https://link.springer.com/download/epub/10.1007%2F978-3-319-26551-3.epub
978-3-319-27104-0,Clinical Data Analysis on a Pocket Calculator,2nd ed. 2016,"Ton J. Cleophas, Aeilko H. Zwinderman",https://link.springer.com/content/pdf/10.1007%2F978-3-319-27104-0.pdf,https://link.springer.com/download/epub/10.1007%2F978-3-319-27104-0.epub
978-3-319-27265-8,Basic Concepts in Computational Physics,2nd ed. 2016,"Benjamin A. Stickler, Ewald Schachinger",https://link.springer.com/content/pdf/10.1007%2F978-3-319-27265-8.pdf,https://link.springer.com/download/epub/10.1007%2F978-3-319-27265-8.epub
978-3-319-27877-3,Mechanics and Thermodynamics,1st ed. 2017,Wolfgang Demtröder,https://link.springer.com/content/pdf/10.1007%2F978-3-319-27877-3.pdf,https://link.springer.com/download/epub/10.1007%2F978-3-319-27877-3.epub
978-3-319-28887-1,Handbook of Consumer Finance Research,2nd ed. 2016,Jing Jian Xiao,https://link.springer.com/content/pdf/10.1007%2F978-3-319-28887-1.pdf,https://link.springer.com/download/epub/10.1007%2F978-3-319-28887-1.epub
978-3-319-29659-3,Recommender Systems,1st ed. 2016,Charu C. Aggarwal,https://link.springer.com/content/pdf/10.1007%2F978-3-319-29659-3.pdf,https://link.springer.com/download/epub/10.1007%2F978-3-319-29659-3.epub
978-3-319-29716-3,Evolutionary Thinking in Medicine,1st ed. 2016,"Alexandra Alvergne, Crispin Jenkinson, Charlotte Faurie",https://link.springer.com/content/pdf/10.1007%2F978-3-319-29716-3.pdf,https://link.springer.com/download/epub/10.1007%2F978-3-319-29716-3.epub
978-3-319-29791-0,Sustainable Supply Chains,1st ed. 2017,"Yann Bouchery, Charles J. Corbett, Jan C. Fransoo, Tarkan Tan",https://link.springer.com/content/pdf/10.1007%2F978-3-319-29791-0.pdf,https://link.springer.com/download/epub/10.1007%2F978-3-319-29791-0.epub
978-3-319-29854-2,Introduction to Time Series and Forecasting,3rd ed. 2016,"Peter J. Brockwell, Richard A. Davis",https://link.springer.com/content/pdf/10.1007%2F978-3-319-29854-2.pdf,https://link.springer.com/download/epub/10.1007%2F978-3-319-29854-2.epub
978-3-319-31036-7,Leadership Today,1st ed. 2017,"Joan Marques, Satinder Dhiman",https://link.springer.com/content/pdf/10.1007%2F978-3-319-31036-7.pdf,https://link.springer.com/download/epub/10.1007%2F978-3-319-31036-7.epub
978-3-319-31089-3,"Brownian Motion, Martingales, and Stochastic Calculus",1st ed. 2016,Jean-François Le Gall,https://link.springer.com/content/pdf/10.1007%2F978-3-319-31089-3.pdf,https://link.springer.com/download/epub/10.1007%2F978-3-319-31089-3.epub
978-3-319-31650-5,Writing for Publication,1st ed. 2016,"Mary Renck Jalongo, Olivia N. Saracho",https://link.springer.com/content/pdf/10.1007%2F978-3-319-31650-5.pdf,https://link.springer.com/download/epub/10.1007%2F978-3-319-31650-5.epub
978-3-319-31791-5,Psychology of Perception,1st ed. 2016,Simon Grondin,https://link.springer.com/content/pdf/10.1007%2F978-3-319-31791-5.pdf,https://link.springer.com/download/epub/10.1007%2F978-3-319-31791-5.epub
978-3-319-32185-1,Business Statistics for Competitive Advantage with Excel 2016,1st ed. 2016,Cynthia Fraser,https://link.springer.com/content/pdf/10.1007%2F978-3-319-32185-1.pdf,https://link.springer.com/download/epub/10.1007%2F978-3-319-32185-1.epub
978-3-319-32862-1,Time Series Econometrics,1st ed. 2016,Klaus Neusser,https://link.springer.com/content/pdf/10.1007%2F978-3-319-32862-1.pdf,https://link.springer.com/download/epub/10.1007%2F978-3-319-32862-1.epub
978-3-319-33405-9,The Nature of Scientific Knowledge,1st ed. 2016,Kevin McCain,https://link.springer.com/content/pdf/10.1007%2F978-3-319-33405-9.pdf,https://link.springer.com/download/epub/10.1007%2F978-3-319-33405-9.epub
978-3-319-33916-0,Grammar for Teachers,2nd ed. 2017,Andrea DeCapua,https://link.springer.com/content/pdf/10.1007%2F978-3-319-33916-0.pdf,https://link.springer.com/download/epub/10.1007%2F978-3-319-33916-0.epub
978-3-319-34195-8,Introduction to Logic Circuits & Logic Design with VHDL,1st ed. 2017,Brock J. LaMeres,https://link.springer.com/content/pdf/10.1007%2F978-3-319-34195-8.pdf,https://link.springer.com/download/epub/10.1007%2F978-3-319-34195-8.epub
978-3-319-39439-8,Electronics for Embedded Systems,1st ed. 2017,Ahmet Bindal,https://link.springer.com/content/pdf/10.1007%2F978-3-319-39439-8.pdf,https://link.springer.com/download/epub/10.1007%2F978-3-319-39439-8.epub
978-3-319-43341-7,Evidence-Based Critical Care,1st ed. 2017,Robert C. Hyzy,https://link.springer.com/content/pdf/10.1007%2F978-3-319-43341-7.pdf,https://link.springer.com/download/epub/10.1007%2F978-3-319-43341-7.epub
978-3-319-44048-4,Statistical Learning from a Regression Perspective,2nd ed. 2016,Richard A. Berk,https://link.springer.com/content/pdf/10.1007%2F978-3-319-44048-4.pdf,https://link.springer.com/download/epub/10.1007%2F978-3-319-44048-4.epub
978-3-319-44127-6,Food Analysis Laboratory Manual,3rd ed. 2017,S. Suzanne Nielsen,https://link.springer.com/content/pdf/10.1007%2F978-3-319-44127-6.pdf,https://link.springer.com/download/epub/10.1007%2F978-3-319-44127-6.epub
978-3-319-44561-8,Guide to Discrete Mathematics,1st ed. 2016,Gerard O'Regan,https://link.springer.com/content/pdf/10.1007%2F978-3-319-44561-8.pdf,https://link.springer.com/download/epub/10.1007%2F978-3-319-44561-8.epub
978-3-319-44738-4,Fundamentals of Biomechanics,4th ed. 2017,"Nihat Özkaya, Dawn Leger, David Goldsheyder, Margareta Nordin",https://link.springer.com/content/pdf/10.1007%2F978-3-319-44738-4.pdf,https://link.springer.com/download/epub/10.1007%2F978-3-319-44738-4.epub
978-3-319-44794-0,Applied Behavior Analysis,1st ed. 2016,"Kimberly Maich, Darren Levine, Carmen Hall",https://link.springer.com/content/pdf/10.1007%2F978-3-319-44794-0.pdf,https://link.springer.com/download/epub/10.1007%2F978-3-319-44794-0.epub
978-3-319-45776-5,Food Analysis,5th ed. 2017,S. Suzanne Nielsen,https://link.springer.com/content/pdf/10.1007%2F978-3-319-45776-5.pdf,https://link.springer.com/download/epub/10.1007%2F978-3-319-45776-5.epub
978-3-319-46162-5,Introduction to Statistics and Data Analysis,1st ed. 2016,"Christian Heumann, Michael Schomaker, Shalabh",https://link.springer.com/content/pdf/10.1007%2F978-3-319-46162-5.pdf,https://link.springer.com/download/epub/10.1007%2F978-3-319-46162-5.epub
978-3-319-46394-0,Brewing Science: A Multidisciplinary Approach,1st ed. 2017,"Michael Mosher, Kenneth Trantham",https://link.springer.com/content/pdf/10.1007%2F978-3-319-46394-0.pdf,https://link.springer.com/download/epub/10.1007%2F978-3-319-46394-0.epub
978-3-319-46407-7,Cardiovascular Biomechanics,1st ed. 2017,"Peter R. Hoskins, Patricia V. Lawford, Barry J. Doyle",https://link.springer.com/content/pdf/10.1007%2F978-3-319-46407-7.pdf,https://link.springer.com/download/epub/10.1007%2F978-3-319-46407-7.epub
978-3-319-47831-9,LaTeX in 24 Hours,1st ed. 2017,Dilip Datta,https://link.springer.com/content/pdf/10.1007%2F978-3-319-47831-9.pdf,https://link.springer.com/download/epub/10.1007%2F978-3-319-47831-9.epub
978-3-319-48848-6,Breast Cancer,1st ed. 2017,"Umberto Veronesi, Aron Goldhirsch, Paolo Veronesi, Oreste Davide Gentilini, Maria Cristina Leonardi",https://link.springer.com/content/pdf/10.1007%2F978-3-319-48848-6.pdf,https://link.springer.com/download/epub/10.1007%2F978-3-319-48848-6.epub
978-3-319-48936-0,Introduction to Partial Differential Equations,1st ed. 2016,David Borthwick,https://link.springer.com/content/pdf/10.1007%2F978-3-319-48936-0.pdf,https://link.springer.com/download/epub/10.1007%2F978-3-319-48936-0.epub
978-3-319-49810-2,Exam Survival Guide: Physical Chemistry,1st ed. 2017,Jochen Vogt,https://link.springer.com/content/pdf/10.1007%2F978-3-319-49810-2.pdf,https://link.springer.com/download/epub/10.1007%2F978-3-319-49810-2.epub
978-3-319-49849-2,"Travel Marketing, Tourism Economics and the Airline Product",1st ed. 2018,Mark Anthony Camilleri,https://link.springer.com/content/pdf/10.1007%2F978-3-319-49849-2.pdf,https://link.springer.com/download/epub/10.1007%2F978-3-319-49849-2.epub
978-3-319-49875-1,Energy Harvesting and Energy Efficiency,1st ed. 2017,"Nicu Bizon, Naser Mahdavi Tabatabaei, Frede Blaabjerg, Erol Kurt",https://link.springer.com/content/pdf/10.1007%2F978-3-319-49875-1.pdf,https://link.springer.com/download/epub/10.1007%2F978-3-319-49875-1.epub
978-3-319-50017-1,Introduction to Data Science,1st ed. 2017,"Laura Igual, Santi Seguí",https://link.springer.com/content/pdf/10.1007%2F978-3-319-50017-1.pdf,https://link.springer.com/download/epub/10.1007%2F978-3-319-50017-1.epub
978-3-319-50091-1,Introduction to Electronic Commerce and Social Commerce,4th ed. 2017,"Efraim Turban, Judy Whiteside, David King, Jon Outland",https://link.springer.com/content/pdf/10.1007%2F978-3-319-50091-1.pdf,https://link.springer.com/download/epub/10.1007%2F978-3-319-50091-1.epub
978-3-319-50319-6,Economics as Applied Ethics,2nd ed. 2017,Wilfred Beckerman,https://link.springer.com/content/pdf/10.1007%2F978-3-319-50319-6.pdf,https://link.springer.com/download/epub/10.1007%2F978-3-319-50319-6.epub
978-3-319-50651-7,Basics of Laser Physics,2nd ed. 2017,Karl F. Renk,https://link.springer.com/content/pdf/10.1007%2F978-3-319-50651-7.pdf,https://link.springer.com/download/epub/10.1007%2F978-3-319-50651-7.epub
978-3-319-51118-4,Reactive Power Control in AC Power Systems,1st ed. 2017,"Naser Mahdavi Tabatabaei, Ali Jafari Aghbolaghi, Nicu Bizon, Frede Blaabjerg",https://link.springer.com/content/pdf/10.1007%2F978-3-319-51118-4.pdf,https://link.springer.com/download/epub/10.1007%2F978-3-319-51118-4.epub
978-3-319-51412-3,The Sea Floor,4th ed. 2017,"Eugen Seibold, Wolfgang Berger",https://link.springer.com/content/pdf/10.1007%2F978-3-319-51412-3.pdf,https://link.springer.com/download/epub/10.1007%2F978-3-319-51412-3.epub
978-3-319-52250-0,Design and Analysis of Experiments,2nd ed. 2017,"Angela Dean, Daniel Voss, Danel Dragulji?",https://link.springer.com/content/pdf/10.1007%2F978-3-319-52250-0.pdf,https://link.springer.com/download/epub/10.1007%2F978-3-319-52250-0.epub
978-3-319-53883-9,Introduction to Logic Circuits & Logic Design with Verilog,1st ed. 2017,Brock J. LaMeres,https://link.springer.com/content/pdf/10.1007%2F978-3-319-53883-9.pdf,https://link.springer.com/download/epub/10.1007%2F978-3-319-53883-9.epub
978-3-319-53919-5,Taxation in European Union,2nd ed. 2017,Pietro Boria,https://link.springer.com/content/pdf/10.1007%2F978-3-319-53919-5.pdf,https://link.springer.com/download/epub/10.1007%2F978-3-319-53919-5.epub
978-3-319-54064-1,Phylogenomics,1st ed. 2017,Christoph Bleidorn,https://link.springer.com/content/pdf/10.1007%2F978-3-319-54064-1.pdf,https://link.springer.com/download/epub/10.1007%2F978-3-319-54064-1.epub
978-3-319-54349-9,Correctional Counseling and Treatment,6th ed. 2017,Peter C. Kratcoski,https://link.springer.com/content/pdf/10.1007%2F978-3-319-54349-9.pdf,https://link.springer.com/download/epub/10.1007%2F978-3-319-54349-9.epub
978-3-319-54398-7,Mass Spectrometry,3rd ed. 2017,Jürgen H Gross,https://link.springer.com/content/pdf/10.1007%2F978-3-319-54398-7.pdf,https://link.springer.com/download/epub/10.1007%2F978-3-319-54398-7.epub
978-3-319-54413-7,"Robotics, Vision and Control",2nd ed. 2017,Peter Corke,https://link.springer.com/content/pdf/10.1007%2F978-3-319-54413-7.pdf,https://link.springer.com/download/epub/10.1007%2F978-3-319-54413-7.epub
978-3-319-55444-0,The Data Science Design Manual,1st ed. 2017,Steven S. Skiena,https://link.springer.com/content/pdf/10.1007%2F978-3-319-55444-0.pdf,https://link.springer.com/download/epub/10.1007%2F978-3-319-55444-0.epub
978-3-319-55606-2,Guide to Computer Network Security,4th ed. 2017,Joseph Migga Kizza,https://link.springer.com/content/pdf/10.1007%2F978-3-319-55606-2.pdf,https://link.springer.com/download/epub/10.1007%2F978-3-319-55606-2.epub
978-3-319-55615-4,Principles of Mobile Communication,4th ed. 2017,Gordon L. Stüber,https://link.springer.com/content/pdf/10.1007%2F978-3-319-55615-4.pdf,https://link.springer.com/download/epub/10.1007%2F978-3-319-55615-4.epub
978-3-319-56194-3,International Perspectives on Psychotherapy,1st ed. 2017,Stefan G. Hofmann,https://link.springer.com/content/pdf/10.1007%2F978-3-319-56194-3.pdf,https://link.springer.com/download/epub/10.1007%2F978-3-319-56194-3.epub
978-3-319-56475-3,Life Cycle Assessment,1st ed. 2018,"Michael Z. Hauschild, Ralph K. Rosenbaum, Stig Irving Olsen",https://link.springer.com/content/pdf/10.1007%2F978-3-319-56475-3.pdf,https://link.springer.com/download/epub/10.1007%2F978-3-319-56475-3.epub
978-3-319-57040-2,Cosmology for the Curious,1st ed. 2017,"Delia Perlov, Alex Vilenkin",https://link.springer.com/content/pdf/10.1007%2F978-3-319-57040-2.pdf,https://link.springer.com/download/epub/10.1007%2F978-3-319-57040-2.epub
978-3-319-57252-9,Introduction to Law,2nd ed. 2017,"Jaap Hage, Antonia Waltermann, Bram Akkermans",https://link.springer.com/content/pdf/10.1007%2F978-3-319-57252-9.pdf,https://link.springer.com/download/epub/10.1007%2F978-3-319-57252-9.epub
978-3-319-57589-6,Principles of Microeconomics,1st ed. 2017,Martin Kolmar,https://link.springer.com/content/pdf/10.1007%2F978-3-319-57589-6.pdf,https://link.springer.com/download/epub/10.1007%2F978-3-319-57589-6.epub
978-3-319-57750-0,Concise Guide to Software Engineering,1st ed. 2017,Gerard O'Regan,https://link.springer.com/content/pdf/10.1007%2F978-3-319-57750-0.pdf,https://link.springer.com/download/epub/10.1007%2F978-3-319-57750-0.epub
978-3-319-57883-5,Eye Tracking Methodology,3rd ed. 2017,Andrew T. Duchowski,https://link.springer.com/content/pdf/10.1007%2F978-3-319-57883-5.pdf,https://link.springer.com/download/epub/10.1007%2F978-3-319-57883-5.epub
978-3-319-58307-5,Business Process Management Cases,1st ed. 2018,"Jan vom Brocke, Jan Mendling",https://link.springer.com/content/pdf/10.1007%2F978-3-319-58307-5.pdf,https://link.springer.com/download/epub/10.1007%2F978-3-319-58307-5.epub
978-3-319-58487-4,Introduction to Artificial Intelligence,2nd ed. 2017,Wolfgang Ertel,https://link.springer.com/content/pdf/10.1007%2F978-3-319-58487-4.pdf,https://link.springer.com/download/epub/10.1007%2F978-3-319-58487-4.epub
978-3-319-58715-8,Electronic Commerce 2018,9th ed. 2018,"Efraim Turban, Jon Outland, David King, Jae Kyu Lee, Ting-Peng Liang, Deborrah C. Turban",https://link.springer.com/content/pdf/10.1007%2F978-3-319-58715-8.pdf,https://link.springer.com/download/epub/10.1007%2F978-3-319-58715-8.epub
978-3-319-59731-7,Modeling Life,1st ed. 2017,"Alan Garfinkel, Jane Shevtsov, Yina Guo",https://link.springer.com/content/pdf/10.1007%2F978-3-319-59731-7.pdf,https://link.springer.com/download/epub/10.1007%2F978-3-319-59731-7.epub
978-3-319-59978-6,Knowledge Management,2nd ed. 2018,"Klaus North, Gita Kumta",https://link.springer.com/content/pdf/10.1007%2F978-3-319-59978-6.pdf,https://link.springer.com/download/epub/10.1007%2F978-3-319-59978-6.epub
978-3-319-61088-7,Computational Physics,3rd ed. 2017,Philipp O.J. Scherer,https://link.springer.com/content/pdf/10.1007%2F978-3-319-61088-7.pdf,https://link.springer.com/download/epub/10.1007%2F978-3-319-61088-7.epub
978-3-319-61158-7,ArcGIS for Environmental and Water Issues,1st ed. 2018,William Bajjali,https://link.springer.com/content/pdf/10.1007%2F978-3-319-61158-7.pdf,https://link.springer.com/download/epub/10.1007%2F978-3-319-61158-7.epub
978-3-319-61185-3,An Introduction to Soil Mechanics,1st ed. 2018,Arnold Verruijt,https://link.springer.com/content/pdf/10.1007%2F978-3-319-61185-3.pdf,https://link.springer.com/download/epub/10.1007%2F978-3-319-61185-3.epub
978-3-319-62872-1,Foundations of Analytical Chemistry,1st ed. 2018,"Miguel Valcárcel Cases, Ángela I. López-Lorente, Ma Ángeles López-Jiménez",https://link.springer.com/content/pdf/10.1007%2F978-3-319-62872-1.pdf,https://link.springer.com/download/epub/10.1007%2F978-3-319-62872-1.epub
978-3-319-63133-2,Problems in Classical Electromagnetism,1st ed. 2017,"Andrea Macchi, Giovanni Moruzzi, Francesco Pegoraro",https://link.springer.com/content/pdf/10.1007%2F978-3-319-63133-2.pdf,https://link.springer.com/download/epub/10.1007%2F978-3-319-63133-2.epub
978-3-319-63588-0,Logical Foundations of Cyber-Physical Systems,1st ed. 2018,André Platzer,https://link.springer.com/content/pdf/10.1007%2F978-3-319-63588-0.pdf,https://link.springer.com/download/epub/10.1007%2F978-3-319-63588-0.epub
978-3-319-63913-0,An Introduction to Machine Learning,2nd ed. 2017,Miroslav Kubat,https://link.springer.com/content/pdf/10.1007%2F978-3-319-63913-0.pdf,https://link.springer.com/download/epub/10.1007%2F978-3-319-63913-0.epub
978-3-319-64410-3,Probability and Statistics for Computer Science,1st ed. 2018,David Forsyth,https://link.springer.com/content/pdf/10.1007%2F978-3-319-64410-3.pdf,https://link.springer.com/download/epub/10.1007%2F978-3-319-64410-3.epub
978-3-319-64786-9,Disability and Vocational Rehabilitation in Rural Settings,1st ed. 2018,"Debra A. Harley, Noel A. Ysasi, Malachy L. Bishop, Allison R. Fleming",https://link.springer.com/content/pdf/10.1007%2F978-3-319-64786-9.pdf,https://link.springer.com/download/epub/10.1007%2F978-3-319-64786-9.epub
978-3-319-65094-4,Motivation and Action,3rd ed. 2018,"Jutta Heckhausen, Heinz Heckhausen",https://link.springer.com/content/pdf/10.1007%2F978-3-319-65094-4.pdf,https://link.springer.com/download/epub/10.1007%2F978-3-319-65094-4.epub
978-3-319-65439-3,"Concepts, Methods and Practical Applications in Applied Demography",1st ed. 2018,Richard K. Thomas,https://link.springer.com/content/pdf/10.1007%2F978-3-319-65439-3.pdf,https://link.springer.com/download/epub/10.1007%2F978-3-319-65439-3.epub
978-3-319-65451-5,Teaching Medicine and Medical Ethics Using Popular Culture,1st ed. 2017,"Evie Kendal, Basia Diug",https://link.springer.com/content/pdf/10.1007%2F978-3-319-65451-5.pdf,https://link.springer.com/download/epub/10.1007%2F978-3-319-65451-5.epub
978-3-319-65682-3,An Introduction to Zooarchaeology,1st ed. 2018,Diane Gifford-Gonzalez,https://link.springer.com/content/pdf/10.1007%2F978-3-319-65682-3.pdf,https://link.springer.com/download/epub/10.1007%2F978-3-319-65682-3.epub
978-3-319-65867-4,Foundations of Quantum Mechanics,1st ed. 2017,Travis Norsen,https://link.springer.com/content/pdf/10.1007%2F978-3-319-65867-4.pdf,https://link.springer.com/download/epub/10.1007%2F978-3-319-65867-4.epub
978-3-319-66219-0,Energy and the Wealth of Nations,2nd ed. 2018,"Charles A.S. Hall, Kent Klitgaard",https://link.springer.com/content/pdf/10.1007%2F978-3-319-66219-0.pdf,https://link.springer.com/download/epub/10.1007%2F978-3-319-66219-0.epub
978-3-319-66631-0,Physics from Symmetry,2nd ed. 2018,Jakob Schwichtenberg,https://link.springer.com/content/pdf/10.1007%2F978-3-319-66631-0.pdf,https://link.springer.com/download/epub/10.1007%2F978-3-319-66631-0.epub
978-3-319-66772-0,Empathetic Space on Screen,1st ed. 2018,Amedeo D'Adamo,https://link.springer.com/content/pdf/10.1007%2F978-3-319-66772-0.pdf,https://link.springer.com/download/epub/10.1007%2F978-3-319-66772-0.epub
978-3-319-67395-0,Bioinformatics for Evolutionary Biologists,1st ed. 2017,"Bernhard Haubold, Angelika Börsch-Haubold",https://link.springer.com/content/pdf/10.1007%2F978-3-319-67395-0.pdf,https://link.springer.com/download/epub/10.1007%2F978-3-319-67395-0.epub
978-3-319-68301-0,Applied Bioinformatics,2nd ed. 2018,"Paul M. Selzer, Richard J. Marhöfer, Oliver Koch",https://link.springer.com/content/pdf/10.1007%2F978-3-319-68301-0.pdf,https://link.springer.com/download/epub/10.1007%2F978-3-319-68301-0.epub
978-3-319-68588-5,Political Social Work,1st ed. 2018,"Shannon R. Lane, Suzanne Pritzker",https://link.springer.com/content/pdf/10.1007%2F978-3-319-68588-5.pdf,https://link.springer.com/download/epub/10.1007%2F978-3-319-68588-5.epub
978-3-319-68598-4,Introductory Quantum Mechanics,1st ed. 2018,Paul R. Berman,https://link.springer.com/content/pdf/10.1007%2F978-3-319-68598-4.pdf,https://link.springer.com/download/epub/10.1007%2F978-3-319-68598-4.epub
978-3-319-68834-3,Clinical Methods in Medical Family Therapy,1st ed. 2018,"Tai Mendenhall, Angela Lamson, Jennifer Hodgson, Macaran Baird",https://link.springer.com/content/pdf/10.1007%2F978-3-319-68834-3.pdf,https://link.springer.com/download/epub/10.1007%2F978-3-319-68834-3.epub
978-3-319-68837-4,Essentials of Business Analytics,1st ed. 2019,"Bhimasankaram Pochiraju, Sridhar Seshadri",https://link.springer.com/content/pdf/10.1007%2F978-3-319-68837-4.pdf,https://link.springer.com/download/epub/10.1007%2F978-3-319-68837-4.epub
978-3-319-70790-7,Foundations of Programming Languages,2nd ed. 2017,Kent D. Lee,https://link.springer.com/content/pdf/10.1007%2F978-3-319-70790-7.pdf,https://link.springer.com/download/epub/10.1007%2F978-3-319-70790-7.epub
978-3-319-70920-8,Communication and Bioethics at the End of Life,1st ed. 2017,"Lori A. Roscoe, David P. Schenck",https://link.springer.com/content/pdf/10.1007%2F978-3-319-70920-8.pdf,https://link.springer.com/download/epub/10.1007%2F978-3-319-70920-8.epub
978-3-319-71288-8,Managing Media and Digital Organizations,1st ed. 2019,Eli M. Noam,https://link.springer.com/content/pdf/10.1007%2F978-3-319-71288-8.pdf,https://link.springer.com/download/epub/10.1007%2F978-3-319-71288-8.epub
978-3-319-72000-5,Media and Digital Management,1st ed. 2019,Eli M. Noam,https://link.springer.com/content/pdf/10.1007%2F978-3-319-72000-5.pdf,https://link.springer.com/download/epub/10.1007%2F978-3-319-72000-5.epub
978-3-319-72314-3,Physics of Oscillations and Waves,1st ed. 2018,Arnt Inge Vistnes,https://link.springer.com/content/pdf/10.1007%2F978-3-319-72314-3.pdf,https://link.springer.com/download/epub/10.1007%2F978-3-319-72314-3.epub
978-3-319-72347-1,Data Science and Predictive Analytics,1st ed. 2018,Ivo D. Dinov,https://link.springer.com/content/pdf/10.1007%2F978-3-319-72347-1.pdf,https://link.springer.com/download/epub/10.1007%2F978-3-319-72347-1.epub
978-3-319-72547-5,Guide to Competitive Programming,1st ed. 2017,Antti Laaksonen,https://link.springer.com/content/pdf/10.1007%2F978-3-319-72547-5.pdf,https://link.springer.com/download/epub/10.1007%2F978-3-319-72547-5.epub
978-3-319-72682-3,Perspectives on Elderly Crime and Victimization,1st ed. 2018,"Peter C. Kratcoski, Maximilian Edelbacher",https://link.springer.com/content/pdf/10.1007%2F978-3-319-72682-3.pdf,https://link.springer.com/download/epub/10.1007%2F978-3-319-72682-3.epub
978-3-319-72911-4,Robotics,2nd ed. 2019,"Matjaž Mihelj, Tadej Bajd, Aleš Ude, Jadran Lenar?i?, Aleš Stanovnik, Marko Munih, Jure Rejc, Sebastjan",https://link.springer.com/content/pdf/10.1007%2F978-3-319-72911-4.pdf,https://link.springer.com/download/epub/10.1007%2F978-3-319-72911-4.epub
978-3-319-73004-2,Introduction to Deep Learning,1st ed. 2018,Sandro Skansi,https://link.springer.com/content/pdf/10.1007%2F978-3-319-73004-2.pdf,https://link.springer.com/download/epub/10.1007%2F978-3-319-73004-2.epub
978-3-319-73123-0,Lessons on Synthetic Bioarchitectures,1st ed. 2018,"Eva-Kathrin Ehmoser-Sinner, Cherng-Wen Darren Tan",https://link.springer.com/content/pdf/10.1007%2F978-3-319-73123-0.pdf,https://link.springer.com/download/epub/10.1007%2F978-3-319-73123-0.epub
978-3-319-73132-2,Guide to Scientific Computing in C++,2nd ed. 2017,"Joe Pitt-Francis, Jonathan Whiteley",https://link.springer.com/content/pdf/10.1007%2F978-3-319-73132-2.pdf,https://link.springer.com/download/epub/10.1007%2F978-3-319-73132-2.epub
978-3-319-74373-8,Astronautics,3rd ed. 2018,Ulrich Walter,https://link.springer.com/content/pdf/10.1007%2F978-3-319-74373-8.pdf,https://link.springer.com/download/epub/10.1007%2F978-3-319-74373-8.epub
978-3-319-74746-0,School Leadership and Educational Change in Singapore,1st ed. 2019,"Benjamin Wong, Salleh Hairon, Pak Tee Ng",https://link.springer.com/content/pdf/10.1007%2F978-3-319-74746-0.pdf,https://link.springer.com/download/epub/10.1007%2F978-3-319-74746-0.epub
978-3-319-74965-5,Witnessing Torture,1st ed. 2018,"Alexandra S. Moore, Elizabeth Swanson",https://link.springer.com/content/pdf/10.1007%2F978-3-319-74965-5.pdf,https://link.springer.com/download/epub/10.1007%2F978-3-319-74965-5.epub
978-3-319-75502-1,Introduction to Programming with Fortran,4th ed. 2018,"Ian Chivers, Jane Sleightholme",https://link.springer.com/content/pdf/10.1007%2F978-3-319-75502-1.pdf,https://link.springer.com/download/epub/10.1007%2F978-3-319-75502-1.epub
978-3-319-75708-7,Fundamentals of Solid State Engineering,4th ed. 2019,Manijeh Razeghi,https://link.springer.com/content/pdf/10.1007%2F978-3-319-75708-7.pdf,https://link.springer.com/download/epub/10.1007%2F978-3-319-75708-7.epub
978-3-319-75771-1,"A Beginner's Guide to Scala, Object Orientation and Functional Programming",2nd ed. 2018,John Hunt,https://link.springer.com/content/pdf/10.1007%2F978-3-319-75771-1.pdf,https://link.springer.com/download/epub/10.1007%2F978-3-319-75771-1.epub
978-3-319-75804-6,Automatic Control with Experiments,1st ed. 2019,"Victor Manuel Hernández-Guzmán, Ramón Silva-Ortigoza",https://link.springer.com/content/pdf/10.1007%2F978-3-319-75804-6.pdf,https://link.springer.com/download/epub/10.1007%2F978-3-319-75804-6.epub
978-3-319-76442-9,Criminal Justice and Mental Health,1st ed. 2018,"Jada Hector, David Khey",https://link.springer.com/content/pdf/10.1007%2F978-3-319-76442-9.pdf,https://link.springer.com/download/epub/10.1007%2F978-3-319-76442-9.epub
978-3-319-77315-5,Plant Anatomy,1st ed. 2018,"Richard Crang, Sheila Lyons-Sobaski, Robert Wise",https://link.springer.com/content/pdf/10.1007%2F978-3-319-77315-5.pdf,https://link.springer.com/download/epub/10.1007%2F978-3-319-77315-5.epub
978-3-319-77425-1,The A-Z of the PhD Trajectory,1st ed. 2018,Eva O. L. Lantsoght,https://link.springer.com/content/pdf/10.1007%2F978-3-319-77425-1.pdf,https://link.springer.com/download/epub/10.1007%2F978-3-319-77425-1.epub
978-3-319-77434-3,Introduction to Formal Philosophy,1st ed. 2018,"Sven Ove Hansson, Vincent F. Hendricks",https://link.springer.com/content/pdf/10.1007%2F978-3-319-77434-3.pdf,https://link.springer.com/download/epub/10.1007%2F978-3-319-77434-3.epub
978-3-319-77649-1,Abstract Algebra,1st ed. 2018,Gregory T. Lee,https://link.springer.com/content/pdf/10.1007%2F978-3-319-77649-1.pdf,https://link.springer.com/download/epub/10.1007%2F978-3-319-77649-1.epub
978-3-319-77809-9,Building Energy Modeling with OpenStudio,1st ed. 2018,"Larry Brackney, Andrew Parker, Daniel Macumber, Kyle Benne",https://link.springer.com/content/pdf/10.1007%2F978-3-319-77809-9.pdf,https://link.springer.com/download/epub/10.1007%2F978-3-319-77809-9.epub
978-3-319-78181-5,Introduction to Particle and Astroparticle Physics,2nd ed. 2018,"Alessandro De Angelis, Mário Pimenta",https://link.springer.com/content/pdf/10.1007%2F978-3-319-78181-5.pdf,https://link.springer.com/download/epub/10.1007%2F978-3-319-78181-5.epub
978-3-319-78361-1,Linear Algebra and Analytic Geometry for Physical Sciences,1st ed. 2018,"Giovanni Landi, Alessandro Zampini",https://link.springer.com/content/pdf/10.1007%2F978-3-319-78361-1.pdf,https://link.springer.com/download/epub/10.1007%2F978-3-319-78361-1.epub
978-3-319-78729-9,Philosophy of Race,1st ed. 2018,Naomi Zack,https://link.springer.com/content/pdf/10.1007%2F978-3-319-78729-9.pdf,https://link.springer.com/download/epub/10.1007%2F978-3-319-78729-9.epub
978-3-319-89292-4,Entertainment Science,1st ed. 2019,"Thorsten Hennig-Thurau, Mark B. Houston",https://link.springer.com/content/pdf/10.1007%2F978-3-319-89292-4.pdf,https://link.springer.com/download/epub/10.1007%2F978-3-319-89292-4.epub
978-3-319-89491-1,Fundamentals of Java Programming,1st ed. 2018,Mitsunori Ogihara,https://link.springer.com/content/pdf/10.1007%2F978-3-319-89491-1.pdf,https://link.springer.com/download/epub/10.1007%2F978-3-319-89491-1.epub
978-3-319-91041-3,Applied Linear Algebra,2nd ed. 2018,"Peter J. Olver, Chehrzad Shakiban",https://link.springer.com/content/pdf/10.1007%2F978-3-319-91041-3.pdf,https://link.springer.com/download/epub/10.1007%2F978-3-319-91041-3.epub
978-3-319-91155-7,Analysis for Computer Scientists,2nd ed. 2018,"Michael Oberguggenberger, Alexander Ostermann",https://link.springer.com/content/pdf/10.1007%2F978-3-319-91155-7.pdf,https://link.springer.com/download/epub/10.1007%2F978-3-319-91155-7.epub
978-3-319-91575-3,Business Ethics - A Philosophical and Behavioral Approach,1st ed. 2018,Christian A. Conrad,https://link.springer.com/content/pdf/10.1007%2F978-3-319-91575-3.pdf,https://link.springer.com/download/epub/10.1007%2F978-3-319-91575-3.epub
978-3-319-91722-1,Optimization of Process Flowsheets through Metaheuristic Techniques,1st ed. 2019,"José María Ponce-Ortega, Luis Germán Hernández-Pérez",https://link.springer.com/content/pdf/10.1007%2F978-3-319-91722-1.pdf,https://link.springer.com/download/epub/10.1007%2F978-3-319-91722-1.epub
978-3-319-91890-7,Off-Grid Electrical Systems in Developing Countries,1st ed. 2018,Henry Louie,https://link.springer.com/content/pdf/10.1007%2F978-3-319-91890-7.pdf,https://link.springer.com/download/epub/10.1007%2F978-3-319-91890-7.epub
978-3-319-92207-2,A First Introduction to Quantum Physics,1st ed. 2018,Pieter Kok,https://link.springer.com/content/pdf/10.1007%2F978-3-319-92207-2.pdf,https://link.springer.com/download/epub/10.1007%2F978-3-319-92207-2.epub
978-3-319-92333-8,Fraud and Corruption,1st ed. 2018,"Peter C. Kratcoski, Maximilian Edelbacher",https://link.springer.com/content/pdf/10.1007%2F978-3-319-92333-8.pdf,https://link.springer.com/download/epub/10.1007%2F978-3-319-92333-8.epub
978-3-319-92429-8,Systems Programming in Unix/Linux,1st ed. 2018,K.C. Wang,https://link.springer.com/content/pdf/10.1007%2F978-3-319-92429-8.pdf,https://link.springer.com/download/epub/10.1007%2F978-3-319-92429-8.epub
978-3-319-92804-3,Introduction to Digital Systems Design,1st ed. 2019,"Giuliano Donzellini, Luca Oneto, Domenico Ponta, Davide Anguita",https://link.springer.com/content/pdf/10.1007%2F978-3-319-92804-3.pdf,https://link.springer.com/download/epub/10.1007%2F978-3-319-92804-3.epub
978-3-319-94313-8,Global Supply Chain and Operations Management,2nd ed. 2019,"Dmitry Ivanov, Alexander Tsipoulanidis, Jörn Schönberger",https://link.springer.com/content/pdf/10.1007%2F978-3-319-94313-8.pdf,https://link.springer.com/download/epub/10.1007%2F978-3-319-94313-8.epub
978-3-319-94463-0,Neural Networks and Deep Learning,1st ed. 2018,Charu C. Aggarwal,https://link.springer.com/content/pdf/10.1007%2F978-3-319-94463-0.pdf,https://link.springer.com/download/epub/10.1007%2F978-3-319-94463-0.epub
978-3-319-94743-3,Structural Dynamics,6th ed. 2019,"Mario Paz, Young Hoon Kim",https://link.springer.com/content/pdf/10.1007%2F978-3-319-94743-3.pdf,https://link.springer.com/download/epub/10.1007%2F978-3-319-94743-3.epub
978-3-319-95381-6,Argumentation Theory: A Pragma-Dialectical Perspective,1st ed. 2018,Frans H. van Eemeren,https://link.springer.com/content/pdf/10.1007%2F978-3-319-95381-6.pdf,https://link.springer.com/download/epub/10.1007%2F978-3-319-95381-6.epub
978-3-319-95762-3,Analytical Corporate Finance,2nd ed. 2018,Angelo Corelli,https://link.springer.com/content/pdf/10.1007%2F978-3-319-95762-3.pdf,https://link.springer.com/download/epub/10.1007%2F978-3-319-95762-3.epub
978-3-319-96337-2,Perceptual Organization,1st ed. 2019,Stephen Handel,https://link.springer.com/content/pdf/10.1007%2F978-3-319-96337-2.pdf,https://link.springer.com/download/epub/10.1007%2F978-3-319-96337-2.epub
978-3-319-96622-9,International Business Management,2nd ed. 2019,"Kamal Fatehi, Jeongho Choi",https://link.springer.com/content/pdf/10.1007%2F978-3-319-96622-9.pdf,https://link.springer.com/download/epub/10.1007%2F978-3-319-96622-9.epub
978-3-319-96713-4,Research Methods for the Digital Humanities,1st ed. 2018,"lewis levenberg, Tai Neilson, David Rheams",https://link.springer.com/content/pdf/10.1007%2F978-3-319-96713-4.pdf,https://link.springer.com/download/epub/10.1007%2F978-3-319-96713-4.epub
978-3-319-97298-5,Mathematical Logic,1st ed. 2018,Roman Kossak,https://link.springer.com/content/pdf/10.1007%2F978-3-319-97298-5.pdf,https://link.springer.com/download/epub/10.1007%2F978-3-319-97298-5.epub
978-3-319-98833-7,Introduction to Parallel Computing,1st ed. 2018,"Roman Trobec, Boštjan Slivnik, Patricio Buli?, Borut Robi?",https://link.springer.com/content/pdf/10.1007%2F978-3-319-98833-7.pdf,https://link.springer.com/download/epub/10.1007%2F978-3-319-98833-7.epub
978-3-319-98875-7,Spine Surgery,1st ed. 2019,"Bernhard Meyer, Michael Rauschmann",https://link.springer.com/content/pdf/10.1007%2F978-3-319-98875-7.pdf,https://link.springer.com/download/epub/10.1007%2F978-3-319-98875-7.epub
978-3-319-99118-4,Quantitative Methods for the Social Sciences,1st ed. 2019,Daniel Stockemer,https://link.springer.com/content/pdf/10.1007%2F978-3-319-99118-4.pdf,https://link.springer.com/download/epub/10.1007%2F978-3-319-99118-4.epub
978-3-319-99420-8,Java in Two Semesters,4th ed. 2019,"Quentin Charatan, Aaron Kans",https://link.springer.com/content/pdf/10.1007%2F978-3-319-99420-8.pdf,https://link.springer.com/download/epub/10.1007%2F978-3-319-99420-8.epub
978-3-319-99516-8,Internet of Things From Hype to Reality,2nd ed. 2019,"Ammar Rayes, Samer Salam",https://link.springer.com/content/pdf/10.1007%2F978-3-319-99516-8.pdf,https://link.springer.com/download/epub/10.1007%2F978-3-319-99516-8.epub
978-3-540-27752-1,New Introduction to Multiple Time Series Analysis,2005,Helmut Lütkepohl,https://link.springer.com/content/pdf/10.1007%2F978-3-540-27752-1.pdf,https://link.springer.com/download/epub/10.1007%2F978-3-540-27752-1.epub
978-3-540-32899-5,Group Theory,2008,"Mildred S. Dresselhaus, Gene Dresselhaus, Ado Jorio",https://link.springer.com/content/pdf/10.1007%2F978-3-540-32899-5.pdf,https://link.springer.com/download/epub/10.1007%2F978-3-540-32899-5.epub
978-3-540-69934-7,Food Chemistry,4th ed. 2009,"H.-D. Belitz, Werner Grosch, Peter Schieberle",https://link.springer.com/content/pdf/10.1007%2F978-3-540-69934-7.pdf,https://link.springer.com/download/epub/10.1007%2F978-3-540-69934-7.epub
978-3-540-76504-2,Plate Tectonics,2011,"Wolfgang Frisch, Martin Meschede, Ronald C. Blakey",https://link.springer.com/content/pdf/10.1007%2F978-3-540-76504-2.pdf,https://link.springer.com/download/epub/10.1007%2F978-3-540-76504-2.epub
978-3-540-77974-2,Computational Geometry,3rd ed. 2008,"Mark de Berg, Otfried Cheong, Marc van Kreveld, Mark Overmars",https://link.springer.com/content/pdf/10.1007%2F978-3-540-77974-2.pdf,https://link.springer.com/download/epub/10.1007%2F978-3-540-77974-2.epub
978-3-540-93804-0,Solid-State Physics,4th ed. 2009,"Harald Ibach, Hans Lüth",https://link.springer.com/content/pdf/10.1007%2F978-3-540-93804-0.pdf,https://link.springer.com/download/epub/10.1007%2F978-3-540-93804-0.epub
978-3-642-04101-3,Understanding Cryptography,2010,"Christof Paar, Jan Pelzl",https://link.springer.com/content/pdf/10.1007%2F978-3-642-04101-3.pdf,https://link.springer.com/download/epub/10.1007%2F978-3-642-04101-3.epub
978-3-642-19864-9,Chemical Thermodynamics,2012,Ernö Keszei,https://link.springer.com/content/pdf/10.1007%2F978-3-642-19864-9.pdf,https://link.springer.com/download/epub/10.1007%2F978-3-642-19864-9.epub
978-3-642-20059-5,Econometrics,5th ed. 2011,Badi H. Baltagi,https://link.springer.com/content/pdf/10.1007%2F978-3-642-20059-5.pdf,https://link.springer.com/download/epub/10.1007%2F978-3-642-20059-5.epub
978-3-642-20144-8,"Robotics, Vision and Control",2011,Peter Corke,https://link.springer.com/content/pdf/10.1007%2F978-3-642-20144-8.pdf,https://link.springer.com/download/epub/10.1007%2F978-3-642-20144-8.epub
978-3-642-20556-9,Quantum Mechanics,3rd ed. 2012,Daniel Bes,https://link.springer.com/content/pdf/10.1007%2F978-3-642-20556-9.pdf,https://link.springer.com/download/epub/10.1007%2F978-3-642-20556-9.epub
978-3-642-20951-2,Alternative Energy Sources,2012,Efstathios E (Stathis) Michaelides,https://link.springer.com/content/pdf/10.1007%2F978-3-642-20951-2.pdf,https://link.springer.com/download/epub/10.1007%2F978-3-642-20951-2.epub
978-3-642-23026-4,Principles of Physics,2012,"Hafez A . Radi, John O Rasmussen",https://link.springer.com/content/pdf/10.1007%2F978-3-642-23026-4.pdf,https://link.springer.com/download/epub/10.1007%2F978-3-642-23026-4.epub
978-3-642-28980-4,Polymer Synthesis: Theory and Practice,5th ed. 2013,"Dietrich Braun, Harald Cherdron, Matthias Rehahn, Helmut Ritter, Brigitte Voit",https://link.springer.com/content/pdf/10.1007%2F978-3-642-28980-4.pdf,https://link.springer.com/download/epub/10.1007%2F978-3-642-28980-4.epub
978-3-642-30250-3,Electrochemistry,2012,"Christine Lefrou, Pierre Fabry, Jean-Claude Poignet",https://link.springer.com/content/pdf/10.1007%2F978-3-642-30250-3.pdf,https://link.springer.com/download/epub/10.1007%2F978-3-642-30250-3.epub
978-3-642-30304-3,Stellar Structure and Evolution,2nd ed. 2012,"Rudolf Kippenhahn, Alfred Weigert, Achim Weiss",https://link.springer.com/content/pdf/10.1007%2F978-3-642-30304-3.pdf,https://link.springer.com/download/epub/10.1007%2F978-3-642-30304-3.epub
978-3-642-30319-7,Engineering Mechanics 1,2nd ed. 2013,"Dietmar Gross, Werner Hauger, Jörg Schröder, Wolfgang A. Wall, Nimal Rajapakse",https://link.springer.com/content/pdf/10.1007%2F978-3-642-30319-7.pdf,https://link.springer.com/download/epub/10.1007%2F978-3-642-30319-7.epub
978-3-642-33143-5,Fundamentals of Business Process Management,2013,"Marlon Dumas, Marcello La Rosa, Jan Mendling, Hajo A. Reijers",https://link.springer.com/content/pdf/10.1007%2F978-3-642-33143-5.pdf,https://link.springer.com/download/epub/10.1007%2F978-3-642-33143-5.epub
978-3-642-34132-8,Petroleum Geoscience,2nd ed. 2015,Knut Bjørlykke,https://link.springer.com/content/pdf/10.1007%2F978-3-642-34132-8.pdf,https://link.springer.com/download/epub/10.1007%2F978-3-642-34132-8.epub
978-3-642-35963-7,Essential Astrophysics,2013,Kenneth R. Lang,https://link.springer.com/content/pdf/10.1007%2F978-3-642-35963-7.pdf,https://link.springer.com/download/epub/10.1007%2F978-3-642-35963-7.epub
978-3-642-37314-5,International Trade Theory and Policy,2nd ed. 2014,Giancarlo Gandolfo,https://link.springer.com/content/pdf/10.1007%2F978-3-642-37314-5.pdf,https://link.springer.com/download/epub/10.1007%2F978-3-642-37314-5.epub
978-3-642-37434-0,Microeconomics,2014,Peter Dorman,https://link.springer.com/content/pdf/10.1007%2F978-3-642-37434-0.pdf,https://link.springer.com/download/epub/10.1007%2F978-3-642-37434-0.epub
978-3-642-37902-4,Acid-Base Diagrams,2013,"Heike Kahlert, Fritz Scholz",https://link.springer.com/content/pdf/10.1007%2F978-3-642-37902-4.pdf,https://link.springer.com/download/epub/10.1007%2F978-3-642-37902-4.epub
978-3-642-40975-2,Corporate Social Responsibility,2013,"John O. Okpara, Samuel O. Idowu",https://link.springer.com/content/pdf/10.1007%2F978-3-642-40975-2.pdf,https://link.springer.com/download/epub/10.1007%2F978-3-642-40975-2.epub
978-3-642-54083-7,Extragalactic Astronomy and Cosmology,2nd ed. 2015,Peter Schneider,https://link.springer.com/content/pdf/10.1007%2F978-3-642-54083-7.pdf,https://link.springer.com/download/epub/10.1007%2F978-3-642-54083-7.epub
978-3-642-55309-7,Supply Chain Management and Advanced Planning,5th ed. 2015,"Hartmut Stadtler, Christoph Kilger, Herbert Meyr",https://link.springer.com/content/pdf/10.1007%2F978-3-642-55309-7.pdf,https://link.springer.com/download/epub/10.1007%2F978-3-642-55309-7.epub
978-3-658-07884-3,Strategic International Management,3rd ed. 2015,"Dirk Morschett, Hanna Schramm-Klein, Joachim Zentes",https://link.springer.com/content/pdf/10.1007%2F978-3-658-07884-3.pdf,https://link.springer.com/download/epub/10.1007%2F978-3-658-07884-3.epub
978-3-658-10183-1,Strategic Retail Management,3rd ed. 2017,"Joachim Zentes, Dirk Morschett, Hanna Schramm-Klein",https://link.springer.com/content/pdf/10.1007%2F978-3-658-10183-1.pdf,https://link.springer.com/download/epub/10.1007%2F978-3-658-10183-1.epub
978-3-662-43715-5,Thermodynamics and Energy Conversion,2014,Henning Struchtrup,https://link.springer.com/content/pdf/10.1007%2F978-3-662-43715-5.pdf,https://link.springer.com/download/epub/10.1007%2F978-3-662-43715-5.epub
978-3-662-44874-8,Introduction to Evolutionary Computing,2nd ed. 2015,"A.E. Eiben, J.E. Smith",https://link.springer.com/content/pdf/10.1007%2F978-3-662-44874-8.pdf,https://link.springer.com/download/epub/10.1007%2F978-3-662-44874-8.epub
978-3-662-45171-7,Applied Multivariate Statistical Analysis,4th ed. 2015,"Wolfgang Karl Härdle, Léopold Simar",https://link.springer.com/content/pdf/10.1007%2F978-3-662-45171-7.pdf,https://link.springer.com/download/epub/10.1007%2F978-3-662-45171-7.epub
978-3-662-46321-5,Particles and Nuclei,7th ed. 2015,"Bogdan Povh, Klaus Rith, Christoph Scholz, Frank Zetsche, Werner Rodejohann",https://link.springer.com/content/pdf/10.1007%2F978-3-662-46321-5.pdf,https://link.springer.com/download/epub/10.1007%2F978-3-662-46321-5.epub
978-3-662-46950-7,Game Theory,2nd ed. 2015,Hans Peters,https://link.springer.com/content/pdf/10.1007%2F978-3-662-46950-7.pdf,https://link.springer.com/download/epub/10.1007%2F978-3-662-46950-7.epub
978-3-662-49279-6,Polymer Chemistry,1st ed. 2017,"Sebastian Koltzenburg, Michael Maskos, Oskar Nuyken",https://link.springer.com/content/pdf/10.1007%2F978-3-662-49279-6.pdf,https://link.springer.com/download/epub/10.1007%2F978-3-662-49279-6.epub
978-3-662-49887-3,A Primer on Scientific Programming with Python,5th ed. 2016,Hans Petter Langtangen,https://link.springer.com/content/pdf/10.1007%2F978-3-662-49887-3.pdf,https://link.springer.com/download/epub/10.1007%2F978-3-662-49887-3.epub
978-3-662-53022-1,Energy Economics,1st ed. 2017,"Peter Zweifel, Aaron Praktiknjo, Georg Erdmann",https://link.springer.com/content/pdf/10.1007%2F978-3-662-53022-1.pdf,https://link.springer.com/download/epub/10.1007%2F978-3-662-53022-1.epub
978-3-662-53045-0,Fundamental Astronomy,6th ed. 2017,"Hannu Karttunen, Pekka Kröger, Heikki Oja, Markku Poutanen, Karl Johan Donner",https://link.springer.com/content/pdf/10.1007%2F978-3-662-53045-0.pdf,https://link.springer.com/download/epub/10.1007%2F978-3-662-53045-0.epub
978-3-662-53785-5,Enterprise Risk Management Models,2nd ed. 2017,"David L. Olson, Desheng Dash Wu",https://link.springer.com/content/pdf/10.1007%2F978-3-662-53785-5.pdf,https://link.springer.com/download/epub/10.1007%2F978-3-662-53785-5.epub
978-3-662-54486-0,Applied Quantitative Finance,3rd ed. 2017,"Wolfgang Karl Härdle, Cathy Yi-Hsuan Chen, Ludger Overbeck",https://link.springer.com/content/pdf/10.1007%2F978-3-662-54486-0.pdf,https://link.springer.com/download/epub/10.1007%2F978-3-662-54486-0.epub
978-3-662-54817-2,Legal Dynamics of EU External Relations,2nd ed. 2017,Henri de Waele,https://link.springer.com/content/pdf/10.1007%2F978-3-662-54817-2.pdf,https://link.springer.com/download/epub/10.1007%2F978-3-662-54817-2.epub
978-3-662-55381-7,Customer Relationship Management,3rd ed. 2018,"V. Kumar, Werner Reinartz",https://link.springer.com/content/pdf/10.1007%2F978-3-662-55381-7.pdf,https://link.springer.com/download/epub/10.1007%2F978-3-662-55381-7.epub
978-3-662-56272-7,Engineering Mechanics 2,2nd ed. 2018,"Dietmar Gross, Werner Hauger, Jörg Schröder, Wolfgang A. Wall, Javier Bonet",https://link.springer.com/content/pdf/10.1007%2F978-3-662-56272-7.pdf,https://link.springer.com/download/epub/10.1007%2F978-3-662-56272-7.epub
978-3-662-56509-4,Fundamentals of Business Process Management,2nd ed. 2018,"Marlon Dumas, Marcello La Rosa, Jan Mendling, Hajo A. Reijers",https://link.springer.com/content/pdf/10.1007%2F978-3-662-56509-4.pdf,https://link.springer.com/download/epub/10.1007%2F978-3-662-56509-4.epub
978-3-662-56707-4,A Concise Guide to Market Research,3rd ed. 2019,"Marko Sarstedt, Erik Mooi",https://link.springer.com/content/pdf/10.1007%2F978-3-662-56707-4.pdf,https://link.springer.com/download/epub/10.1007%2F978-3-662-56707-4.epub
978-3-662-57265-8,Proofs from THE BOOK,6th ed. 2018,"Martin Aigner, Günter M. Ziegler",https://link.springer.com/content/pdf/10.1007%2F978-3-662-57265-8.pdf,https://link.springer.com/download/epub/10.1007%2F978-3-662-57265-8.epub
978-3-7091-0715-7,Metabolism of Human Diseases,2014,"Eckhard Lammert, Martin Zeeb",https://link.springer.com/content/pdf/10.1007%2F978-3-7091-0715-7.pdf,https://link.springer.com/download/epub/10.1007%2F978-3-7091-0715-7.epub
978-3-8349-6331-4,Strategic International Management,2nd ed. 2010,"Dirk Morschett, Hanna Schramm-Klein, Joachim Zentes",https://link.springer.com/content/pdf/10.1007%2F978-3-8349-6331-4.pdf,https://link.springer.com/download/epub/10.1007%2F978-3-8349-6331-4.epub
978-4-431-54526-2,Electricity and Magnetism,2014,Teruo Matsushita,https://link.springer.com/content/pdf/10.1007%2F978-4-431-54526-2.pdf,https://link.springer.com/download/epub/10.1007%2F978-4-431-54526-2.epub
978-90-481-2516-6,Structural Analysis,2009,"O. A. Bauchau, J.I. Craig",https://link.springer.com/content/pdf/10.1007%2F978-90-481-2516-6.pdf,https://link.springer.com/download/epub/10.1007%2F978-90-481-2516-6.epub
978-94-007-1171-6,Epidemiological Research: Terms and Concepts,2011,O. S. Miettinen,https://link.springer.com/content/pdf/10.1007%2F978-94-007-1171-6.pdf,https://link.springer.com/download/epub/10.1007%2F978-94-007-1171-6.epub
978-94-007-1211-9,Statistical Analysis of Clinical Data on a Pocket Calculator,2011,"Ton J. Cleophas, Aeilko H. Zwinderman",https://link.springer.com/content/pdf/10.1007%2F978-94-007-1211-9.pdf,https://link.springer.com/download/epub/10.1007%2F978-94-007-1211-9.epub
978-94-007-5757-8,Climate Change Science: A Modern Synthesis,2013,"G. Thomas Farmer, John Cook",https://link.springer.com/content/pdf/10.1007%2F978-94-007-5757-8.pdf,https://link.springer.com/download/epub/10.1007%2F978-94-007-5757-8.epub
978-94-007-6113-1,Statics and Mechanics of Structures,2013,"Steen Krenk, Jan Høgsberg",https://link.springer.com/content/pdf/10.1007%2F978-94-007-6113-1.pdf,https://link.springer.com/download/epub/10.1007%2F978-94-007-6113-1.epub
978-94-007-6863-5,Group Theory Applied to Chemistry,2013,Arnout Jozef Ceulemans,https://link.springer.com/content/pdf/10.1007%2F978-94-007-6863-5.pdf,https://link.springer.com/download/epub/10.1007%2F978-94-007-6863-5.epub
978-94-017-7242-6,Sustainability Science,1st ed. 2016,"Harald Heinrichs, Pim Martens, Gerd Michelsen, Arnim Wiek",https://link.springer.com/content/pdf/10.1007%2F978-94-017-7242-6.pdf,https://link.springer.com/download/epub/10.1007%2F978-94-017-7242-6.epub
978-94-017-8771-0,The Gastrointestinal System,2014,Po Sing Leung,https://link.springer.com/content/pdf/10.1007%2F978-94-017-8771-0.pdf,https://link.springer.com/download/epub/10.1007%2F978-94-017-8771-0.epub
978-94-024-1144-7,Managing Sustainable Business,1st ed. 2019,"Gilbert G. Lenssen, N. Craig Smith",https://link.springer.com/content/pdf/10.1007%2F978-94-024-1144-7.pdf,https://link.springer.com/download/epub/10.1007%2F978-94-024-1144-7.epub
978-981-10-1802-2,Language Across the Curriculum & CLIL in English as an Additional Language (EAL) Contexts,1st ed. 2016,Angel M.Y. Lin,https://link.springer.com/content/pdf/10.1007%2F978-981-10-1802-2.pdf,https://link.springer.com/download/epub/10.1007%2F978-981-10-1802-2.epub
978-981-10-2045-2,System Dynamics,1st ed. 2017,"Bilash Kanti Bala, Fatimah Mohamed Arshad, Kusairi Mohd Noh",https://link.springer.com/content/pdf/10.1007%2F978-981-10-2045-2.pdf,https://link.springer.com/download/epub/10.1007%2F978-981-10-2045-2.epub
978-981-10-5218-7,Market Research,1st ed. 2018,"Erik Mooi, Marko Sarstedt, Irma Mooi-Reci",https://link.springer.com/content/pdf/10.1007%2F978-981-10-5218-7.pdf,https://link.springer.com/download/epub/10.1007%2F978-981-10-5218-7.epub
978-981-10-8297-9,Control Engineering,1st ed. 2019,"László Keviczky, Ruth Bars, Jen? Hetthéssy, Csilla Bányász",https://link.springer.com/content/pdf/10.1007%2F978-981-10-8297-9.pdf,https://link.springer.com/download/epub/10.1007%2F978-981-10-8297-9.epub
978-981-10-8321-1,Control Engineering: MATLAB Exercises,1st ed. 2019,"László Keviczky, Ruth Bars, Jen? Hetthéssy, Csilla Bányász",https://link.springer.com/content/pdf/10.1007%2F978-981-10-8321-1.pdf,https://link.springer.com/download/epub/10.1007%2F978-981-10-8321-1.epub
978-981-13-0399-9,Strategic Human Resource Management and Employment Relations,1st ed. 2018,Ashish Malik,https://link.springer.com/content/pdf/10.1007%2F978-981-13-0399-9.pdf,https://link.springer.com/download/epub/10.1007%2F978-981-13-0399-9.epub
978-981-13-0785-0,"ENZYMES: Catalysis, Kinetics and Mechanisms",1st ed. 2018,N.S. Punekar,https://link.springer.com/content/pdf/10.1007%2F978-981-13-0785-0.pdf,https://link.springer.com/download/epub/10.1007%2F978-981-13-0785-0.epub
978-981-13-1090-4,Introduction to General Relativity,1st ed. 2018,Cosimo Bambi,https://link.springer.com/content/pdf/10.1007%2F978-981-13-1090-4.pdf,https://link.springer.com/download/epub/10.1007%2F978-981-13-1090-4.epub
978-981-13-2023-1,"Plant Physiology, Development and Metabolism",1st ed. 2018,"Satish C Bhatla, Manju A. Lal",https://link.springer.com/content/pdf/10.1007%2F978-981-13-2023-1.pdf,https://link.springer.com/download/epub/10.1007%2F978-981-13-2023-1.epub
978-981-13-2475-8,Conferencing and Presentation English for Young Academics,1st ed. 2018,Michael Guest,https://link.springer.com/content/pdf/10.1007%2F978-981-13-2475-8.pdf,https://link.springer.com/download/epub/10.1007%2F978-981-13-2475-8.epub
978-981-13-3621-8,Social Justice Theory and Practice for Social Work,1st ed. 2019,"Lynelle Watts, David Hodgson",https://link.springer.com/content/pdf/10.1007%2F978-981-13-3621-8.pdf,https://link.springer.com/download/epub/10.1007%2F978-981-13-3621-8.epub
978-981-13-6643-7,Educational Technology,1st ed. 2019,"Ronghuai Huang, J. Michael Spector, Junfeng Yang",https://link.springer.com/content/pdf/10.1007%2F978-981-13-6643-7.pdf,https://link.springer.com/download/epub/10.1007%2F978-981-13-6643-7.epub
978-981-13-7496-8,A Course in Rasch Measurement Theory,1st ed. 2019,"David Andrich, Ida Marais",https://link.springer.com/content/pdf/10.1007%2F978-981-13-7496-8.pdf,https://link.springer.com/download/epub/10.1007%2F978-981-13-7496-8.epub
978-981-13-8759-3,Multimedia Big Data Computing for IoT Applications,1st ed. 2020,"Sudeep Tanwar, Sudhanshu Tyagi, Neeraj Kumar",https://link.springer.com/content/pdf/10.1007%2F978-981-13-8759-3.pdf,https://link.springer.com/download/epub/10.1007%2F978-981-13-8759-3.epub
978-981-287-212-8,Air Pollution and Greenhouse Gases,2014,Zhongchao Tan,https://link.springer.com/content/pdf/10.1007%2F978-981-287-212-8.pdf,https://link.springer.com/download/epub/10.1007%2F978-981-287-212-8.epub
978-981-4560-67-2,The Action Research Planner,2014,"Stephen Kemmis, Robin McTaggart, Rhonda Nixon",https://link.springer.com/content/pdf/10.1007%2F978-981-4560-67-2.pdf,https://link.springer.com/download/epub/10.1007%2F978-981-4560-67-2.epub
